bug,BUILD,DEFECTS4J_OTHER,FILE_OPS,READ,SEARCH_CONTENT,SEARCH_FILES,TEST,VCS,WEB,WRITE
Chart-14,2,0,0,10,2,2,4,1,0,4
Chart-15,6,0,0,14,0,5,8,1,0,9
Chart-16,3,0,0,8,0,1,5,1,0,8
Chart-18,7,0,0,15,0,3,9,1,0,7
Chart-21,2,1,0,6,0,2,4,1,0,2
Chart-22,4,0,0,10,0,1,6,1,0,6
Chart-25,0,0,0,1,0,0,0,0,0,0
Cli-10,1,0,0,4,0,0,5,1,0,1
Cli-13,6,0,0,10,0,0,9,1,0,11
Cli-14,5,0,1,6,0,2,1,1,0,4
Cli-16,25,0,1,42,0,0,10,5,0,65
Cli-18,1,0,0,4,0,0,4,1,0,1
Cli-1,2,0,0,9,0,1,5,1,0,1
Cli-22,1,0,0,8,0,0,9,1,0,5
Cli-26,1,0,0,4,0,0,5,1,0,1
Cli-30,1,0,0,8,0,0,11,1,0,30
Cli-31,1,0,0,7,0,0,3,0,0,1
Cli-33,0,0,0,4,0,0,1,0,0,1
Cli-34,3,0,0,6,0,4,5,1,0,5
Cli-36,0,0,0,1,0,0,0,0,0,0
Cli-7,0,0,0,3,1,0,4,1,0,2
Closure-103,0,0,0,36,1,6,20,0,0,29
Closure-105,1,0,0,6,0,2,6,1,0,4
Closure-106,16,0,0,14,0,0,12,0,0,18
Closure-108,2,0,0,6,0,1,3,0,0,1
Closure-110,13,1,0,22,0,2,10,6,0,36
Closure-115,7,0,0,10,0,0,9,1,0,8
Closure-116,1,0,0,3,0,0,1,0,0,0
Closure-117,1,1,0,15,3,1,9,0,0,14
Closure-134,1,1,0,38,4,6,5,0,0,31
Closure-135,2,0,0,8,5,2,3,0,0,1
Closure-136,6,0,0,6,11,0,7,0,0,10
Closure-139,33,0,0,44,1,0,28,14,0,32
Closure-141,0,0,0,7,0,2,9,0,0,11
Closure-144,2,0,0,18,0,9,3,0,0,5
Closure-153,11,4,0,36,0,2,18,0,0,46
Closure-156,1,0,0,22,0,3,15,0,0,45
Closure-157,21,0,0,8,5,0,24,21,0,53
Closure-158,6,0,0,42,0,5,3,4,0,73
Closure-160,9,0,0,19,8,16,8,9,0,35
Closure-162,2,0,0,5,0,0,4,1,0,3
Closure-163,1,0,0,6,0,3,5,0,0,2
Closure-164,1,1,0,8,1,0,12,0,0,11
Closure-165,13,0,0,24,4,1,12,4,0,12
Closure-169,10,0,0,31,1,10,10,2,0,11
Closure-174,1,0,0,13,0,3,18,0,0,79
Closure-21,11,0,0,19,0,3,9,1,0,15
Closure-24,32,0,0,21,0,1,15,15,0,33
Closure-25,3,1,0,7,1,3,4,1,0,2
Closure-26,20,0,0,23,0,2,22,0,0,30
Closure-27,0,0,0,6,0,3,7,1,0,7
Closure-30,2,0,0,4,0,1,3,0,0,1
Closure-32,0,0,0,5,1,3,3,0,0,2
Closure-34,1,0,0,15,1,0,18,2,0,26
Closure-37,3,0,0,10,1,2,5,0,0,8
Closure-41,2,1,0,27,3,5,7,0,0,34
Closure-45,0,0,0,37,0,2,17,0,0,56
Closure-47,18,0,0,11,0,4,20,0,0,45
Closure-49,6,0,0,6,0,5,9,29,0,7
Closure-4,10,0,0,24,2,6,9,0,0,38
Closure-51,2,0,0,6,0,3,5,1,0,1
Closure-53,2,0,0,5,0,0,4,1,0,1
Closure-60,2,0,0,19,7,3,25,1,0,31
Closure-64,3,0,0,10,1,2,5,1,0,14
Closure-6,2,0,0,8,0,4,4,1,0,3
Closure-74,6,0,0,36,0,2,5,0,0,52
Closure-75,19,0,0,32,0,0,19,0,0,31
Closure-76,6,0,0,11,0,2,7,0,0,5
Closure-79,1,1,2,13,3,1,7,0,0,4
Closure-80,1,1,0,9,1,2,4,1,0,3
Closure-98,6,0,0,7,0,2,6,1,0,14
Closure-99,27,0,0,7,1,1,28,0,0,53
Codec-11,0,0,0,4,0,2,50,0,0,136
Codec-12,8,0,0,10,0,0,7,1,0,17
Codec-13,4,0,0,5,0,0,8,1,0,5
Codec-14,1,0,0,13,1,4,2,0,1,0
Codec-6,4,0,0,13,0,3,8,1,0,4
Codec-8,1,0,0,4,0,0,4,1,0,1
Compress-11,1,0,0,4,0,0,4,1,0,1
Compress-29,9,0,0,18,0,11,10,1,0,24
Compress-34,3,0,0,6,0,1,4,1,0,2
Compress-35,0,0,0,7,1,2,4,1,0,1
Compress-47,4,2,0,7,0,0,7,1,0,5
Compress-6,1,0,0,3,0,0,3,1,0,1
Compress-9,2,0,0,6,0,0,2,0,0,9
Csv-16,2,0,0,3,0,0,5,1,0,5
Csv-7,2,0,0,4,0,0,4,1,0,2
Csv-8,2,0,0,5,0,0,4,1,0,3
Gson-14,5,0,0,9,0,1,7,1,0,8
Gson-1,3,0,0,8,0,0,4,1,0,3
Gson-7,1,0,0,4,1,0,3,0,0,3
Gson-8,2,0,0,3,0,1,2,0,0,4
Gson-9,18,0,0,18,0,2,7,7,0,19
JacksonCore-10,20,2,4,14,0,2,14,4,9,17
JacksonCore-12,2,0,0,6,0,1,4,1,0,2
JacksonCore-16,2,0,0,6,0,0,4,1,0,2
JacksonCore-24,6,0,0,15,0,0,5,1,0,15
JacksonDatabind-103,17,0,0,22,0,2,17,0,0,55
JacksonDatabind-108,13,0,0,24,5,1,16,0,0,27
JacksonDatabind-110,8,0,1,9,0,3,8,0,0,24
JacksonDatabind-111,1,0,0,6,2,2,4,0,0,2
JacksonDatabind-13,4,0,0,7,0,4,6,0,0,4
JacksonDatabind-14,13,0,1,6,0,3,10,1,0,15
JacksonDatabind-15,3,0,2,6,0,1,1,0,2,2
JacksonDatabind-18,19,0,0,23,0,2,18,0,0,46
JacksonDatabind-22,7,2,0,11,1,2,8,1,0,9
JacksonDatabind-23,4,0,0,15,3,9,6,6,0,16
JacksonDatabind-29,6,0,0,11,2,0,8,1,0,27
JacksonDatabind-30,2,0,0,5,2,0,2,0,0,2
JacksonDatabind-32,0,0,0,1,0,0,0,0,0,0
JacksonDatabind-36,1,1,0,27,0,1,23,6,0,108
JacksonDatabind-3,0,0,0,4,1,0,4,1,0,1
JacksonDatabind-41,2,0,0,5,0,3,3,0,0,1
JacksonDatabind-43,4,0,0,14,3,1,7,1,0,4
JacksonDatabind-52,1,1,0,6,3,0,4,1,0,2
JacksonDatabind-53,1,0,0,7,0,3,4,0,0,1
JacksonDatabind-56,1,0,0,3,1,0,3,1,0,1
JacksonDatabind-59,10,0,0,38,8,0,7,0,0,50
JacksonDatabind-60,2,2,0,6,1,0,4,1,0,1
JacksonDatabind-61,2,0,0,8,0,1,7,1,0,2
JacksonDatabind-65,2,0,0,5,0,1,4,1,0,1
JacksonDatabind-66,4,0,2,12,0,3,7,1,0,5
JacksonDatabind-68,34,0,0,27,3,0,19,0,5,63
JacksonDatabind-69,23,0,1,14,0,2,31,20,0,28
JacksonDatabind-6,0,1,0,11,0,1,8,3,0,12
JacksonDatabind-73,11,0,0,19,4,1,8,0,0,22
JacksonDatabind-75,8,0,0,24,6,2,7,0,1,71
JacksonDatabind-77,1,0,0,7,1,0,2,0,0,0
JacksonDatabind-78,1,0,0,4,1,1,2,0,0,0
JacksonDatabind-79,5,0,0,7,4,1,4,0,0,5
JacksonDatabind-87,4,1,0,7,0,1,4,1,0,8
JacksonDatabind-8,2,0,0,6,0,0,4,1,0,1
JacksonDatabind-90,1,0,0,14,2,0,8,1,0,17
JacksonDatabind-94,5,0,0,11,1,1,8,1,0,11
JacksonDatabind-95,2,0,0,4,0,0,4,1,0,2
JacksonXml-1,1,0,0,20,1,0,9,0,0,22
JacksonXml-6,11,0,0,11,0,4,4,6,0,42
Jsoup-11,0,0,0,13,0,0,19,1,0,27
Jsoup-12,20,1,0,12,1,1,15,1,0,35
Jsoup-14,17,0,0,20,0,1,16,8,0,36
Jsoup-18,11,0,0,33,1,0,6,0,0,37
Jsoup-22,3,0,0,17,0,0,16,1,0,29
Jsoup-23,3,0,0,6,0,0,5,3,0,5
Jsoup-3,34,0,0,20,0,0,30,0,0,86
Jsoup-42,3,1,0,4,0,0,3,1,0,1
Jsoup-4,1,0,0,10,0,1,3,0,0,3
Jsoup-56,0,0,0,60,0,0,55,0,0,64
Jsoup-58,11,0,1,8,0,0,14,1,0,20
Jsoup-60,11,0,0,10,0,0,10,2,0,24
Jsoup-65,8,0,0,19,2,0,9,1,0,27
Jsoup-67,1,0,0,5,0,2,4,1,0,2
Jsoup-71,0,0,0,3,0,0,0,0,0,0
Jsoup-73,2,0,0,6,0,0,4,1,0,6
Jsoup-74,3,0,0,10,0,0,6,1,0,5
Jsoup-81,47,0,0,7,0,0,48,0,0,133
Jsoup-83,2,0,0,26,0,0,2,0,0,24
Jsoup-87,1,0,0,3,0,0,1,0,0,1
Jsoup-91,9,0,0,19,0,0,9,1,0,21
Jsoup-92,1,0,0,3,0,0,0,0,0,0
JxPath-13,6,1,0,7,0,1,4,1,0,9
JxPath-15,4,0,0,11,0,4,6,1,0,3
JxPath-16,2,0,0,4,0,0,3,1,0,2
JxPath-17,3,0,0,7,0,4,4,1,0,3
JxPath-18,34,0,0,51,1,1,56,0,0,59
JxPath-19,1,0,0,7,1,0,5,1,0,2
JxPath-1,34,0,0,54,0,0,21,0,0,65
JxPath-2,2,0,0,8,0,3,4,1,0,3
JxPath-3,21,0,0,63,6,0,23,0,0,106
JxPath-4,1,0,0,48,9,1,16,14,0,56
JxPath-7,3,0,0,9,0,2,4,1,0,8
JxPath-9,17,0,0,26,0,0,20,1,0,25
Lang-13,7,0,0,5,0,0,9,3,1,8
Lang-15,33,0,0,8,0,2,31,10,0,42
Lang-20,10,0,1,14,3,0,15,1,0,26
Lang-27,1,0,0,5,0,0,4,1,0,1
Lang-30,10,0,0,13,0,3,11,3,0,27
Lang-32,5,0,0,5,0,0,6,0,0,13
Lang-34,10,0,0,17,0,0,8,0,0,46
Lang-35,2,0,0,6,3,0,5,1,0,2
Lang-36,5,0,0,9,0,2,6,3,0,7
Lang-41,1,0,0,5,0,4,6,1,0,2
Lang-46,6,0,1,7,0,0,6,0,0,25
Lang-47,1,0,0,2,0,0,3,0,0,2
Lang-4,0,0,0,4,0,1,7,1,1,1
Lang-50,1,0,0,1,0,0,4,1,0,3
Lang-56,1,0,0,2,0,1,2,1,0,2
Lang-5,1,0,0,5,0,0,2,0,0,0
Lang-60,1,0,0,2,1,0,3,1,0,2
Lang-63,2,0,0,3,0,0,4,1,0,3
Lang-64,5,0,0,10,0,0,7,1,0,4
Lang-65,19,0,0,6,0,0,18,0,0,34
Lang-7,1,0,0,4,0,0,3,1,0,1
Lang-8,2,0,0,6,0,1,4,1,0,1
Math-100,1,0,0,2,0,1,2,1,0,2
Math-106,0,0,0,5,0,0,2,0,0,0
Math-12,1,0,0,2,0,1,4,1,0,1
Math-14,3,0,0,7,0,0,5,1,0,2
Math-15,1,0,0,1,0,1,2,1,0,1
Math-16,3,0,0,4,0,2,8,1,0,6
Math-18,19,0,0,23,0,1,19,0,0,116
Math-1,3,0,0,4,0,0,6,1,0,4
Math-21,1,0,0,3,0,3,6,1,0,1
Math-22,2,0,0,4,0,0,3,1,0,2
Math-23,3,0,0,3,0,0,5,0,0,4
Math-24,2,0,0,3,0,2,3,0,0,4
Math-26,15,0,0,9,0,2,15,4,0,23
Math-28,1,0,0,3,2,2,4,0,1,2
Math-29,2,0,0,2,0,0,3,1,0,2
Math-31,4,0,0,5,0,4,7,3,0,7
Math-35,2,0,0,3,0,0,3,1,0,2
Math-36,4,0,0,2,0,0,6,1,0,6
Math-37,4,0,0,10,0,0,5,1,0,5
Math-38,15,0,0,41,8,2,15,0,0,62
Math-44,40,0,0,3,0,2,42,0,0,79
Math-46,1,0,0,3,0,2,3,0,0,2
Math-47,1,0,0,3,0,0,2,0,0,2
Math-49,1,0,0,2,1,1,2,1,0,2
Math-4,1,0,0,5,0,0,3,1,0,2
Math-52,1,0,0,3,0,0,3,0,0,0
Math-54,4,0,1,4,1,2,6,1,0,5
Math-55,5,0,0,8,1,0,8,0,0,6
Math-61,4,0,0,6,0,0,4,0,0,4
Math-62,1,0,0,3,0,1,2,0,0,1
Math-64,10,0,0,5,0,4,10,3,0,18
Math-65,1,0,0,3,1,1,3,0,0,2
Math-66,7,0,0,11,0,0,12,9,5,13
Math-68,31,0,0,8,0,0,18,15,0,134
Math-6,7,0,0,14,0,10,9,1,0,13
Math-71,3,0,0,11,1,0,78,0,0,156
Math-72,2,0,0,2,0,1,3,1,0,2
Math-76,0,0,0,5,0,1,77,0,0,83
Math-77,1,0,0,2,0,0,3,0,0,2
Math-78,1,0,0,7,0,0,7,0,0,14
Math-7,13,0,0,11,1,0,14,1,0,38
Math-81,27,0,0,21,2,0,33,26,0,46
Math-83,3,0,0,6,0,0,3,1,0,1
Math-84,6,0,0,8,2,2,7,1,0,6
Math-86,0,0,0,2,0,2,5,0,0,2
Math-90,6,0,0,3,0,2,8,1,1,11
Math-92,2,0,0,3,0,2,5,0,0,2
Math-93,0,0,0,3,0,2,5,1,0,4
Math-98,2,0,0,3,0,0,3,1,0,2
Math-99,2,0,0,3,0,2,3,1,0,2
Mockito-10,16,0,0,12,0,2,16,0,0,45
Mockito-14,1,0,0,4,1,0,3,0,0,0
Mockito-15,1,0,0,6,2,1,3,0,0,0
Mockito-16,16,0,0,17,0,0,13,5,0,161
Mockito-17,5,2,0,9,0,4,7,1,0,8
Mockito-19,1,0,0,19,1,0,26,1,0,48
Mockito-20,5,0,0,15,6,2,8,1,0,18
Mockito-21,5,0,1,12,0,3,6,4,0,10
Mockito-23,6,0,0,19,5,0,8,0,0,12
Mockito-25,7,0,0,21,2,3,5,0,0,30
Mockito-2,5,0,0,11,2,0,6,2,0,9
Mockito-30,1,0,0,5,0,1,5,1,0,3
Mockito-31,1,0,0,3,0,0,6,1,0,1
Mockito-32,1,0,0,4,2,1,5,1,0,1
Mockito-35,5,0,0,15,4,6,5,0,0,5
Mockito-36,1,0,0,2,1,0,4,0,0,0
Mockito-3,6,0,0,12,2,0,7,1,0,8
Mockito-4,4,0,0,17,13,4,6,0,0,7
Mockito-6,6,0,0,9,0,3,8,1,0,28
Mockito-9,1,0,0,6,3,1,4,0,0,1
Time-10,1,0,0,6,0,0,3,0,0,2
Time-12,1,0,0,5,0,0,4,1,0,4
Time-13,1,0,0,9,1,0,6,1,0,4
Time-1,7,0,0,30,3,0,9,2,0,34
Time-23,22,2,0,43,0,2,23,0,0,22
Time-26,2,0,0,6,0,1,3,0,0,1
Time-2,4,0,0,8,0,2,5,1,2,6
Time-3,4,0,0,13,0,0,7,0,0,9
Time-6,13,1,0,25,0,0,15,1,0,38
Time-9,1,0,0,9,0,0,7,2,0,4
JacksonCore-17,2,0,0,4,0,1,3,1,0,1
JacksonDatabind-20,3,0,1,8,13,0,5,1,0,4
