window_size,tool_sequence,frequency
4,READ -> WRITE -> BUILD -> TEST,140
4,WRITE -> WRITE -> BUILD -> TEST,134
4,WRITE -> BUILD -> TEST -> READ,120
4,WRITE -> WRITE -> WRITE -> WRITE,86
4,BUILD -> TEST -> READ -> WRITE,69
4,WRITE -> BUILD -> TEST -> WRITE,69
4,READ -> WRITE -> WRITE -> BUILD,68
4,WRITE -> BUILD -> TEST -> TEST,61
4,WRITE -> WRITE -> WRITE -> BUILD,59
4,TEST -> READ -> WRITE -> WRITE,56
4,BUILD -> TEST -> READ -> READ,52
4,TEST -> READ -> READ -> WRITE,49
4,WRITE -> BUILD -> TEST -> VCS,48
4,READ -> WRITE -> WRITE -> WRITE,48
4,READ -> READ -> WRITE -> WRITE,45
4,READ -> READ -> WRITE -> BUILD,43
4,TEST -> READ -> BUILD -> TEST,42
4,TEST -> READ -> WRITE -> BUILD,41
4,BUILD -> TEST -> WRITE -> WRITE,39
4,READ -> READ -> READ -> WRITE,39
4,TEST -> READ -> TEST -> READ,37
4,READ -> BUILD -> TEST -> READ,37
4,BUILD -> TEST -> READ -> TEST,36
4,TEST -> READ -> READ -> READ,34
4,READ -> TEST -> READ -> SEARCH_FILES,33
4,READ -> WRITE -> READ -> WRITE,32
4,TEST -> READ -> WRITE -> TEST,30
4,WRITE -> READ -> WRITE -> BUILD,29
4,SEARCH_FILES -> READ -> WRITE -> BUILD,29
4,WRITE -> WRITE -> READ -> WRITE,28
4,BUILD -> TEST -> TEST -> VCS,28
4,READ -> READ -> READ -> READ,28
4,WRITE -> READ -> WRITE -> WRITE,28
4,READ -> SEARCH_FILES -> READ -> WRITE,27
4,BUILD -> TEST -> WRITE -> BUILD,27
4,WRITE -> TEST -> WRITE -> TEST,27
4,READ -> TEST -> READ -> WRITE,26
4,TEST -> READ -> SEARCH_FILES -> READ,25
4,WRITE -> BUILD -> WRITE -> BUILD,24
4,TEST -> WRITE -> WRITE -> WRITE,24
4,READ -> TEST -> READ -> BUILD,23
4,TEST -> READ -> TEST -> VCS,23
4,TEST -> WRITE -> WRITE -> BUILD,23
4,BUILD -> TEST -> SEARCH_FILES -> READ,22
4,TEST -> WRITE -> BUILD -> TEST,22
4,READ -> WRITE -> TEST -> READ,22
4,READ -> WRITE -> WRITE -> TEST,22
4,SEARCH_FILES -> READ -> SEARCH_FILES -> READ,21
4,READ -> TEST -> READ -> READ,21
4,WRITE -> TEST -> READ -> WRITE,21
4,READ -> WRITE -> TEST -> WRITE,20
4,READ -> TEST -> READ -> TEST,19
4,TEST -> TEST -> READ -> WRITE,19
4,BUILD -> WRITE -> BUILD -> TEST,18
4,WRITE -> WRITE -> BUILD -> WRITE,18
4,WRITE -> TEST -> WRITE -> WRITE,18
4,WRITE -> WRITE -> TEST -> WRITE,18
4,READ -> SEARCH_CONTENT -> READ -> WRITE,17
4,TEST -> SEARCH_FILES -> READ -> WRITE,17
4,WRITE -> TEST -> TEST -> VCS,16
4,TEST -> READ -> SEARCH_CONTENT -> READ,15
4,BUILD -> TEST -> TEST -> READ,15
4,TEST -> TEST -> READ -> READ,15
4,READ -> WRITE -> WRITE -> READ,15
4,WRITE -> BUILD -> READ -> WRITE,15
4,SEARCH_FILES -> READ -> WRITE -> WRITE,15
4,READ -> WRITE -> BUILD -> WRITE,14
4,WRITE -> WRITE -> TEST -> READ,14
4,WRITE -> WRITE -> WRITE -> TEST,14
4,BUILD -> TEST -> TEST -> TEST,13
4,READ -> READ -> WRITE -> TEST,13
4,TEST -> WRITE -> TEST -> WRITE,13
4,READ -> WRITE -> TEST -> TEST,13
4,BUILD -> READ -> WRITE -> BUILD,12
4,WRITE -> BUILD -> WRITE -> WRITE,12
4,READ -> TEST -> SEARCH_FILES -> READ,12
4,TEST -> SEARCH_FILES -> READ -> SEARCH_FILES,11
4,WRITE -> BUILD -> TEST -> SEARCH_FILES,11
4,TEST -> READ -> SEARCH_FILES -> BUILD,11
4,READ -> TEST -> READ -> SEARCH_CONTENT,11
4,TEST -> WRITE -> WRITE -> TEST,11
4,READ -> SEARCH_FILES -> READ -> SEARCH_FILES,10
4,READ -> SEARCH_FILES -> BUILD -> TEST,10
4,SEARCH_FILES -> BUILD -> TEST -> READ,10
4,SEARCH_CONTENT -> READ -> WRITE -> BUILD,10
4,WRITE -> TEST -> READ -> TEST,10
4,WRITE -> WRITE -> WRITE -> READ,10
4,TEST -> READ -> WRITE -> READ,10
4,TEST -> WRITE -> READ -> WRITE,10
4,WRITE -> READ -> WRITE -> READ,9
4,READ -> BUILD -> TEST -> SEARCH_FILES,9
4,TEST -> READ -> SEARCH_FILES -> SEARCH_FILES,9
4,READ -> READ -> WRITE -> READ,9
4,READ -> WRITE -> BUILD -> READ,9
4,TEST -> TEST -> TEST -> TEST,9
4,BUILD -> WRITE -> WRITE -> BUILD,9
4,READ -> SEARCH_CONTENT -> READ -> READ,9
4,WRITE -> WRITE -> TEST -> TEST,9
4,TEST -> READ -> TEST -> TEST,8
4,TEST -> TEST -> TEST -> READ,8
4,TEST -> READ -> TEST -> SEARCH_FILES,8
4,SEARCH_FILES -> SEARCH_FILES -> READ -> READ,8
4,SEARCH_FILES -> READ -> READ -> WRITE,8
4,SEARCH_FILES -> READ -> WRITE -> TEST,8
4,WRITE -> READ -> WRITE -> TEST,8
4,WRITE -> WRITE -> TEST -> VCS,8
4,READ -> SEARCH_FILES -> READ -> BUILD,7
4,READ -> TEST -> TEST -> READ,7
4,READ -> SEARCH_FILES -> SEARCH_FILES -> SEARCH_FILES,7
4,READ -> READ -> SEARCH_FILES -> READ,7
4,WRITE -> TEST -> READ -> READ,7
4,WRITE -> TEST -> TEST -> READ,7
4,READ -> SEARCH_CONTENT -> SEARCH_CONTENT -> READ,7
4,READ -> WRITE -> TEST -> VCS,7
4,TEST -> TEST -> WRITE -> WRITE,6
4,TEST -> READ -> READ -> SEARCH_FILES,6
4,TEST -> WRITE -> WRITE -> READ,6
4,SEARCH_FILES -> SEARCH_FILES -> SEARCH_FILES -> READ,6
4,BUILD -> WRITE -> WRITE -> WRITE,6
4,BUILD -> TEST -> VCS -> WRITE,6
4,SEARCH_CONTENT -> READ -> READ -> WRITE,6
4,WRITE -> TEST -> WRITE -> READ,6
4,BUILD -> TEST -> READ -> SEARCH_FILES,5
4,READ -> SEARCH_FILES -> READ -> READ,5
4,READ -> BUILD -> TEST -> TEST,5
4,TEST -> TEST -> TEST -> VCS,5
4,BUILD -> TEST -> WRITE -> READ,5
4,READ -> READ -> SEARCH_CONTENT -> READ,5
4,SEARCH_FILES -> READ -> SEARCH_CONTENT -> READ,5
4,SEARCH_CONTENT -> SEARCH_CONTENT -> SEARCH_CONTENT -> SEARCH_CONTENT,5
4,TEST -> WRITE -> TEST -> READ,5
4,READ -> SEARCH_FILES -> SEARCH_FILES -> READ,5
4,SEARCH_CONTENT -> READ -> WRITE -> WRITE,5
4,BUILD -> TEST -> TEST -> WRITE,5
4,SEARCH_FILES -> READ -> READ -> READ,5
4,TEST -> READ -> READ -> BUILD,5
4,READ -> TEST -> READ -> VCS,5
4,BUILD -> WRITE -> BUILD -> WRITE,5
4,BUILD -> TEST -> READ -> SEARCH_CONTENT,5
4,TEST -> SEARCH_FILES -> READ -> READ,5
4,TEST -> VCS -> WRITE -> WRITE,5
4,SEARCH_CONTENT -> READ -> WRITE -> READ,5
4,SEARCH_CONTENT -> READ -> WRITE -> TEST,5
4,TEST -> WRITE -> TEST -> TEST,5
4,SEARCH_CONTENT -> READ -> READ -> READ,5
4,SEARCH_FILES -> READ -> BUILD -> TEST,4
4,READ -> WRITE -> BUILD -> BUILD,4
4,WRITE -> BUILD -> BUILD -> TEST,4
4,READ -> SEARCH_CONTENT -> READ -> SEARCH_CONTENT,4
4,SEARCH_CONTENT -> READ -> SEARCH_CONTENT -> SEARCH_CONTENT,4
4,WRITE -> WRITE -> BUILD -> READ,4
4,BUILD -> READ -> WRITE -> WRITE,4
4,BUILD -> WRITE -> READ -> WRITE,4
4,READ -> READ -> BUILD -> TEST,4
4,WRITE -> BUILD -> TEST -> FILE_OPS,4
4,TEST -> TEST -> SEARCH_FILES -> READ,4
4,SEARCH_CONTENT -> READ -> SEARCH_CONTENT -> READ,4
4,BUILD -> TEST -> VCS -> VCS,4
4,SEARCH_FILES -> SEARCH_FILES -> READ -> WRITE,4
4,VCS -> WRITE -> WRITE -> WRITE,4
4,TEST -> READ -> SEARCH_FILES -> TEST,4
4,TEST -> READ -> SEARCH_CONTENT -> SEARCH_CONTENT,4
4,SEARCH_CONTENT -> SEARCH_CONTENT -> READ -> WRITE,4
4,TEST -> WRITE -> TEST -> VCS,4
4,TEST -> READ -> READ -> VCS,3
4,BUILD -> BUILD -> TEST -> VCS,3
4,READ -> TEST -> TEST -> TEST,3
4,TEST -> TEST -> TEST -> WRITE,3
4,WRITE -> TEST -> VCS -> READ,3
4,READ -> SEARCH_FILES -> READ -> SEARCH_CONTENT,3
4,WRITE -> BUILD -> WRITE -> READ,3
4,TEST -> TEST -> READ -> TEST,3
4,READ -> READ -> SEARCH_FILES -> SEARCH_FILES,3
4,TEST -> READ -> BUILD -> READ,3
4,WEB -> WRITE -> BUILD -> TEST,3
4,BUILD -> READ -> READ -> WRITE,3
4,SEARCH_CONTENT -> SEARCH_CONTENT -> READ -> SEARCH_CONTENT,3
4,SEARCH_CONTENT -> SEARCH_CONTENT -> READ -> READ,3
4,SEARCH_CONTENT -> READ -> READ -> SEARCH_CONTENT,3
4,SEARCH_FILES -> READ -> SEARCH_FILES -> SEARCH_FILES,3
4,TEST -> VCS -> VCS -> VCS,3
4,READ -> READ -> READ -> SEARCH_CONTENT,3
4,WRITE -> WRITE -> BUILD -> BUILD,3
4,WRITE -> BUILD -> BUILD -> WRITE,3
4,READ -> READ -> READ -> SEARCH_FILES,3
4,VCS -> WRITE -> BUILD -> TEST,3
4,TEST -> SEARCH_FILES -> READ -> TEST,3
4,TEST -> READ -> SEARCH_FILES -> SEARCH_CONTENT,3
4,READ -> TEST -> WRITE -> TEST,3
4,TEST -> SEARCH_CONTENT -> READ -> READ,3
4,SEARCH_FILES -> READ -> BUILD -> SEARCH_FILES,2
4,BUILD -> SEARCH_FILES -> READ -> TEST,2
4,SEARCH_FILES -> READ -> TEST -> TEST,2
4,TEST -> TEST -> READ -> SEARCH_CONTENT,2
4,WRITE -> READ -> SEARCH_CONTENT -> READ,2
4,READ -> TEST -> VCS -> READ,2
4,SEARCH_FILES -> SEARCH_FILES -> BUILD -> TEST,2
4,READ -> WRITE -> TEST -> BUILD,2
4,WRITE -> TEST -> BUILD -> TEST,2
4,SEARCH_FILES -> SEARCH_FILES -> BUILD -> READ,2
4,WRITE -> TEST -> TEST -> TEST,2
4,READ -> TEST -> BUILD -> TEST,2
4,TEST -> TEST -> VCS -> READ,2
4,READ -> SEARCH_FILES -> READ -> DEFECTS4J_OTHER,2
4,BUILD -> SEARCH_FILES -> TEST -> READ,2
4,SEARCH_FILES -> TEST -> READ -> READ,2
4,TEST -> READ -> READ -> SEARCH_CONTENT,2
4,TEST -> TEST -> READ -> VCS,2
4,TEST -> SEARCH_FILES -> READ -> SEARCH_CONTENT,2
4,READ -> SEARCH_CONTENT -> SEARCH_CONTENT -> SEARCH_CONTENT,2
4,SEARCH_CONTENT -> SEARCH_CONTENT -> SEARCH_FILES -> READ,2
4,READ -> WRITE -> TEST -> SEARCH_CONTENT,2
4,SEARCH_FILES -> SEARCH_FILES -> READ -> BUILD,2
4,BUILD -> READ -> DEFECTS4J_OTHER -> READ,2
4,WRITE -> WRITE -> READ -> READ,2
4,WRITE -> READ -> READ -> WRITE,2
4,READ -> TEST -> SEARCH_FILES -> SEARCH_FILES,2
4,TEST -> SEARCH_FILES -> SEARCH_FILES -> READ,2
4,BUILD -> WRITE -> BUILD -> READ,2
4,READ -> BUILD -> READ -> DEFECTS4J_OTHER,2
4,WRITE -> BUILD -> TEST -> SEARCH_CONTENT,2
4,BUILD -> READ -> WEB -> WEB,2
4,WEB -> WEB -> WRITE -> BUILD,2
4,WRITE -> BUILD -> BUILD -> READ,2
4,SEARCH_FILES -> WRITE -> BUILD -> TEST,2
4,READ -> BUILD -> READ -> READ,2
4,BUILD -> TEST -> VCS -> WEB,2
4,SEARCH_FILES -> BUILD -> TEST -> TEST,2
4,TEST -> WRITE -> BUILD -> WRITE,2
4,TEST -> WRITE -> BUILD -> READ,2
4,BUILD -> TEST -> TEST -> SEARCH_FILES,2
4,FILE_OPS -> WRITE -> BUILD -> TEST,2
4,SEARCH_CONTENT -> SEARCH_CONTENT -> SEARCH_CONTENT -> READ,2
4,DEFECTS4J_OTHER -> BUILD -> SEARCH_FILES -> READ,2
4,READ -> SEARCH_CONTENT -> SEARCH_FILES -> READ,2
4,TEST -> TEST -> VCS -> VCS,2
4,VCS -> VCS -> VCS -> VCS,2
4,READ -> TEST -> READ -> DEFECTS4J_OTHER,2
4,DEFECTS4J_OTHER -> TEST -> READ -> SEARCH_CONTENT,2
4,SEARCH_FILES -> READ -> READ -> VCS,2
4,READ -> DEFECTS4J_OTHER -> READ -> WRITE,2
4,VCS -> WRITE -> WRITE -> TEST,2
4,READ -> VCS -> WRITE -> WRITE,2
4,BUILD -> SEARCH_CONTENT -> READ -> WRITE,2
4,READ -> BUILD -> SEARCH_CONTENT -> READ,2
4,SEARCH_CONTENT -> SEARCH_FILES -> READ -> WRITE,2
4,BUILD -> BUILD -> WRITE -> WRITE,2
4,TEST -> READ -> READ -> TEST,2
4,BUILD -> TEST -> FILE_OPS -> VCS,2
4,READ -> SEARCH_FILES -> SEARCH_FILES -> BUILD,2
4,TEST -> VCS -> WRITE -> BUILD,2
4,SEARCH_FILES -> READ -> TEST -> SEARCH_FILES,2
4,READ -> SEARCH_FILES -> TEST -> TEST,2
4,TEST -> TEST -> WEB -> TEST,2
4,SEARCH_FILES -> TEST -> TEST -> READ,2
4,READ -> SEARCH_CONTENT -> SEARCH_CONTENT -> WRITE,2
4,TEST -> BUILD -> TEST -> SEARCH_FILES,2
4,READ -> SEARCH_FILES -> SEARCH_CONTENT -> READ,2
4,SEARCH_FILES -> SEARCH_CONTENT -> READ -> WRITE,2
4,WRITE -> BUILD -> SEARCH_FILES -> READ,2
4,SEARCH_FILES -> READ -> READ -> TEST,2
4,READ -> READ -> TEST -> WRITE,2
4,READ -> READ -> SEARCH_CONTENT -> SEARCH_CONTENT,2
4,WRITE -> TEST -> SEARCH_CONTENT -> READ,2
4,READ -> TEST -> SEARCH_CONTENT -> READ,2
4,READ -> BUILD -> SEARCH_FILES -> READ,1
4,READ -> WRITE -> READ -> SEARCH_CONTENT,1
4,SEARCH_FILES -> READ -> WRITE -> READ,1
4,SEARCH_FILES -> SEARCH_FILES -> SEARCH_FILES -> BUILD,1
4,SEARCH_FILES -> READ -> READ -> BUILD,1
4,READ -> READ -> BUILD -> SEARCH_FILES,1
4,READ -> BUILD -> SEARCH_FILES -> DEFECTS4J_OTHER,1
4,BUILD -> SEARCH_FILES -> DEFECTS4J_OTHER -> TEST,1
4,SEARCH_FILES -> DEFECTS4J_OTHER -> TEST -> READ,1
4,DEFECTS4J_OTHER -> TEST -> READ -> READ,1
4,TEST -> BUILD -> TEST -> VCS,1
4,BUILD -> TEST -> VCS -> READ,1
4,WRITE -> WRITE -> BUILD -> SEARCH_FILES,1
4,WRITE -> BUILD -> SEARCH_FILES -> SEARCH_FILES,1
4,BUILD -> SEARCH_FILES -> SEARCH_FILES -> BUILD,1
4,SEARCH_FILES -> BUILD -> READ -> READ,1
4,BUILD -> READ -> READ -> READ,1
4,BUILD -> TEST -> VCS -> FILE_OPS,1
4,TEST -> READ -> TEST -> BUILD,1
4,TEST -> BUILD -> TEST -> READ,1
4,SEARCH_FILES -> READ -> DEFECTS4J_OTHER -> SEARCH_FILES,1
4,READ -> DEFECTS4J_OTHER -> SEARCH_FILES -> BUILD,1
4,DEFECTS4J_OTHER -> SEARCH_FILES -> BUILD -> SEARCH_FILES,1
4,SEARCH_FILES -> BUILD -> SEARCH_FILES -> TEST,1
4,WRITE -> WRITE -> TEST -> SEARCH_FILES,1
4,WRITE -> TEST -> SEARCH_FILES -> READ,1
4,SEARCH_CONTENT -> SEARCH_CONTENT -> SEARCH_CONTENT -> SEARCH_FILES,1
4,SEARCH_CONTENT -> SEARCH_FILES -> READ -> SEARCH_FILES,1
4,WRITE -> TEST -> SEARCH_CONTENT -> BUILD,1
4,TEST -> SEARCH_CONTENT -> BUILD -> TEST,1
4,SEARCH_CONTENT -> BUILD -> TEST -> WRITE,1
4,READ -> SEARCH_FILES -> BUILD -> READ,1
4,SEARCH_FILES -> BUILD -> READ -> DEFECTS4J_OTHER,1
4,READ -> DEFECTS4J_OTHER -> READ -> TEST,1
4,DEFECTS4J_OTHER -> READ -> TEST -> READ,1
4,BUILD -> READ -> WRITE -> TEST,1
4,WRITE -> TEST -> TEST -> WRITE,1
4,READ -> SEARCH_CONTENT -> READ -> SEARCH_FILES,1
4,SEARCH_CONTENT -> READ -> SEARCH_FILES -> READ,1
4,BUILD -> READ -> DEFECTS4J_OTHER -> TEST,1
4,READ -> DEFECTS4J_OTHER -> TEST -> DEFECTS4J_OTHER,1
4,DEFECTS4J_OTHER -> TEST -> DEFECTS4J_OTHER -> TEST,1
4,TEST -> DEFECTS4J_OTHER -> TEST -> READ,1
4,DEFECTS4J_OTHER -> TEST -> READ -> WRITE,1
4,BUILD -> TEST -> SEARCH_CONTENT -> READ,1
4,WRITE -> BUILD -> READ -> WEB,1
4,READ -> WEB -> WEB -> WEB,1
4,WEB -> WEB -> WEB -> FILE_OPS,1
4,WEB -> WEB -> FILE_OPS -> WEB,1
4,WEB -> FILE_OPS -> WEB -> WEB,1
4,FILE_OPS -> WEB -> WEB -> WRITE,1
4,BUILD -> TEST -> TEST -> BUILD,1
4,TEST -> TEST -> BUILD -> READ,1
4,TEST -> BUILD -> READ -> WEB,1
4,READ -> WEB -> WEB -> WRITE,1
4,WEB -> WRITE -> BUILD -> BUILD,1
4,BUILD -> BUILD -> READ -> BUILD,1
4,BUILD -> READ -> BUILD -> READ,1
4,READ -> BUILD -> READ -> TEST,1
4,BUILD -> READ -> TEST -> SEARCH_FILES,1
4,TEST -> SEARCH_FILES -> SEARCH_FILES -> WRITE,1
4,SEARCH_FILES -> SEARCH_FILES -> WRITE -> BUILD,1
4,BUILD -> TEST -> READ -> BUILD,1
4,WRITE -> BUILD -> TEST -> BUILD,1
4,BUILD -> TEST -> BUILD -> READ,1
4,TEST -> BUILD -> READ -> WRITE,1
4,TEST -> VCS -> WEB -> WRITE,1
4,VCS -> WEB -> WRITE -> BUILD,1
4,TEST -> WRITE -> BUILD -> BUILD,1
4,BUILD -> BUILD -> READ -> WRITE,1
4,TEST -> VCS -> WEB -> DEFECTS4J_OTHER,1
4,VCS -> WEB -> DEFECTS4J_OTHER -> DEFECTS4J_OTHER,1
4,WEB -> DEFECTS4J_OTHER -> DEFECTS4J_OTHER -> VCS,1
4,DEFECTS4J_OTHER -> DEFECTS4J_OTHER -> VCS -> READ,1
4,DEFECTS4J_OTHER -> VCS -> READ -> WRITE,1
4,VCS -> READ -> WRITE -> WRITE,1
4,BUILD -> TEST -> FILE_OPS -> BUILD,1
4,TEST -> FILE_OPS -> BUILD -> TEST,1
4,FILE_OPS -> BUILD -> TEST -> FILE_OPS,1
4,BUILD -> TEST -> FILE_OPS -> FILE_OPS,1
4,TEST -> FILE_OPS -> FILE_OPS -> WRITE,1
4,FILE_OPS -> FILE_OPS -> WRITE -> WRITE,1
4,FILE_OPS -> WRITE -> WRITE -> VCS,1
4,WRITE -> READ -> READ -> READ,1
4,READ -> SEARCH_CONTENT -> READ -> TEST,1
4,SEARCH_CONTENT -> READ -> TEST -> SEARCH_FILES,1
4,TEST -> TEST -> READ -> SEARCH_FILES,1
4,READ -> SEARCH_FILES -> WRITE -> BUILD,1
4,TEST -> SEARCH_FILES -> READ -> FILE_OPS,1
4,SEARCH_FILES -> READ -> FILE_OPS -> WRITE,1
4,READ -> FILE_OPS -> WRITE -> BUILD,1
4,BUILD -> TEST -> TEST -> SEARCH_CONTENT,1
4,TEST -> TEST -> SEARCH_CONTENT -> SEARCH_CONTENT,1
4,TEST -> SEARCH_CONTENT -> SEARCH_CONTENT -> READ,1
4,BUILD -> TEST -> SEARCH_CONTENT -> SEARCH_CONTENT,1
4,TEST -> SEARCH_CONTENT -> SEARCH_CONTENT -> SEARCH_CONTENT,1
4,TEST -> TEST -> VCS -> FILE_OPS,1
4,SEARCH_FILES -> READ -> READ -> DEFECTS4J_OTHER,1
4,READ -> READ -> DEFECTS4J_OTHER -> DEFECTS4J_OTHER,1
4,READ -> DEFECTS4J_OTHER -> DEFECTS4J_OTHER -> BUILD,1
4,DEFECTS4J_OTHER -> DEFECTS4J_OTHER -> BUILD -> SEARCH_FILES,1
4,SEARCH_FILES -> READ -> TEST -> READ,1
4,READ -> READ -> SEARCH_CONTENT -> SEARCH_FILES,1
4,SEARCH_CONTENT -> SEARCH_FILES -> READ -> SEARCH_CONTENT,1
4,SEARCH_CONTENT -> READ -> READ -> SEARCH_FILES,1
4,SEARCH_FILES -> SEARCH_FILES -> READ -> SEARCH_FILES,1
4,TEST -> VCS -> VCS -> BUILD,1
4,VCS -> VCS -> BUILD -> TEST,1
4,VCS -> BUILD -> TEST -> VCS,1
4,WRITE -> WRITE -> BUILD -> SEARCH_CONTENT,1
4,WRITE -> BUILD -> SEARCH_CONTENT -> WRITE,1
4,BUILD -> SEARCH_CONTENT -> WRITE -> WRITE,1
4,SEARCH_CONTENT -> WRITE -> WRITE -> WRITE,1
4,READ -> BUILD -> SEARCH_FILES -> SEARCH_FILES,1
4,BUILD -> SEARCH_FILES -> SEARCH_FILES -> READ,1
4,TEST -> READ -> DEFECTS4J_OTHER -> TEST,1
4,READ -> DEFECTS4J_OTHER -> TEST -> READ,1
4,READ -> READ -> READ -> DEFECTS4J_OTHER,1
4,READ -> READ -> DEFECTS4J_OTHER -> BUILD,1
4,READ -> DEFECTS4J_OTHER -> BUILD -> DEFECTS4J_OTHER,1
4,DEFECTS4J_OTHER -> BUILD -> DEFECTS4J_OTHER -> TEST,1
4,BUILD -> DEFECTS4J_OTHER -> TEST -> READ,1
4,TEST -> TEST -> TEST -> SEARCH_FILES,1
4,READ -> SEARCH_FILES -> SEARCH_FILES -> WRITE,1
4,SEARCH_FILES -> SEARCH_FILES -> WRITE -> WRITE,1
4,SEARCH_FILES -> WRITE -> WRITE -> BUILD,1
4,READ -> READ -> VCS -> FILE_OPS,1
4,READ -> VCS -> FILE_OPS -> FILE_OPS,1
4,TEST -> READ -> DEFECTS4J_OTHER -> READ,1
4,DEFECTS4J_OTHER -> READ -> WRITE -> TEST,1
4,READ -> TEST -> VCS -> WRITE,1
4,TEST -> WRITE -> READ -> VCS,1
4,WRITE -> READ -> VCS -> WRITE,1
4,READ -> WRITE -> BUILD -> SEARCH_CONTENT,1
4,WRITE -> BUILD -> SEARCH_CONTENT -> READ,1
4,SEARCH_FILES -> READ -> BUILD -> READ,1
4,DEFECTS4J_OTHER -> READ -> WRITE -> BUILD,1
4,SEARCH_FILES -> READ -> BUILD -> SEARCH_CONTENT,1
4,READ -> READ -> BUILD -> WRITE,1
4,READ -> BUILD -> WRITE -> WRITE,1
4,TEST -> READ -> SEARCH_CONTENT -> SEARCH_FILES,1
4,WRITE -> BUILD -> TEST -> DEFECTS4J_OTHER,1
4,BUILD -> TEST -> DEFECTS4J_OTHER -> BUILD,1
4,TEST -> DEFECTS4J_OTHER -> BUILD -> WRITE,1
4,DEFECTS4J_OTHER -> BUILD -> WRITE -> WRITE,1
4,BUILD -> WRITE -> WRITE -> READ,1
4,BUILD -> BUILD -> WRITE -> READ,1
4,TEST -> VCS -> VCS -> READ,1
4,VCS -> VCS -> READ -> WRITE,1
4,VCS -> READ -> WRITE -> BUILD,1
4,READ -> READ -> TEST -> DEFECTS4J_OTHER,1
4,READ -> TEST -> DEFECTS4J_OTHER -> BUILD,1
4,TEST -> DEFECTS4J_OTHER -> BUILD -> READ,1
4,DEFECTS4J_OTHER -> BUILD -> READ -> WRITE,1
4,TEST -> FILE_OPS -> VCS -> WRITE,1
4,WRITE -> BUILD -> READ -> READ,1
4,TEST -> VCS -> VCS -> WRITE,1
4,TEST -> TEST -> WRITE -> VCS,1
4,TEST -> WRITE -> VCS -> READ,1
4,SEARCH_FILES -> READ -> DEFECTS4J_OTHER -> BUILD,1
4,READ -> DEFECTS4J_OTHER -> BUILD -> TEST,1
4,DEFECTS4J_OTHER -> BUILD -> TEST -> READ,1
4,SEARCH_FILES -> BUILD -> READ -> TEST,1
4,BUILD -> READ -> TEST -> TEST,1
4,WRITE -> TEST -> READ -> SEARCH_CONTENT,1
4,WRITE -> BUILD -> TEST -> WEB,1
4,BUILD -> TEST -> WEB -> WRITE,1
4,TEST -> WEB -> WRITE -> BUILD,1
4,BUILD -> TEST -> VCS -> BUILD,1
4,TEST -> VCS -> BUILD -> TEST,1
4,VCS -> BUILD -> TEST -> WRITE,1
4,TEST -> TEST -> WRITE -> READ,1
4,BUILD -> TEST -> READ -> VCS,1
4,TEST -> READ -> VCS -> WRITE,1
4,READ -> VCS -> WRITE -> BUILD,1
4,READ -> READ -> VCS -> WRITE,1
4,SEARCH_FILES -> SEARCH_FILES -> READ -> TEST,1
4,BUILD -> TEST -> FILE_OPS -> READ,1
4,SEARCH_FILES -> TEST -> TEST -> WEB,1
4,TEST -> WEB -> TEST -> TEST,1
4,WEB -> TEST -> TEST -> READ,1
4,TEST -> READ -> SEARCH_CONTENT -> WRITE,1
4,READ -> SEARCH_CONTENT -> WRITE -> WRITE,1
4,SEARCH_CONTENT -> WRITE -> WRITE -> BUILD,1
4,READ -> READ -> TEST -> READ,1
4,READ -> TEST -> TEST -> SEARCH_FILES,1
4,READ -> SEARCH_FILES -> SEARCH_FILES -> TEST,1
4,SEARCH_FILES -> SEARCH_FILES -> TEST -> TEST,1
4,TEST -> TEST -> WRITE -> BUILD,1
4,SEARCH_FILES -> READ -> SEARCH_CONTENT -> SEARCH_CONTENT,1
4,SEARCH_CONTENT -> SEARCH_CONTENT -> WRITE -> TEST,1
4,SEARCH_CONTENT -> WRITE -> TEST -> WEB,1
4,WRITE -> TEST -> WEB -> WRITE,1
4,TEST -> WEB -> WRITE -> TEST,1
4,WEB -> WRITE -> TEST -> BUILD,1
4,READ -> SEARCH_FILES -> TEST -> BUILD,1
4,SEARCH_FILES -> TEST -> BUILD -> TEST,1
4,SEARCH_FILES -> READ -> TEST -> WRITE,1
4,READ -> TEST -> WRITE -> WRITE,1
4,TEST -> WRITE -> BUILD -> SEARCH_FILES,1
4,BUILD -> SEARCH_FILES -> READ -> WRITE,1
4,READ -> WRITE -> BUILD -> SEARCH_FILES,1
4,BUILD -> SEARCH_FILES -> READ -> READ,1
4,TEST -> READ -> SEARCH_CONTENT -> TEST,1
4,READ -> SEARCH_CONTENT -> TEST -> TEST,1
4,SEARCH_CONTENT -> TEST -> TEST -> READ,1
4,WRITE -> WRITE -> READ -> BUILD,1
4,WRITE -> READ -> BUILD -> WRITE,1
4,READ -> BUILD -> WRITE -> BUILD,1
4,READ -> SEARCH_CONTENT -> SEARCH_CONTENT -> SEARCH_FILES,1
4,BUILD -> TEST -> TEST -> WEB,1
4,TEST -> WEB -> TEST -> READ,1
4,WEB -> TEST -> READ -> WRITE,1
4,BUILD -> TEST -> TEST -> DEFECTS4J_OTHER,1
4,TEST -> TEST -> DEFECTS4J_OTHER -> BUILD,1
4,TEST -> DEFECTS4J_OTHER -> BUILD -> SEARCH_FILES,1
4,BUILD -> SEARCH_FILES -> READ -> SEARCH_FILES,1
4,SEARCH_FILES -> READ -> BUILD -> BUILD,1
4,READ -> BUILD -> BUILD -> SEARCH_FILES,1
4,BUILD -> BUILD -> SEARCH_FILES -> TEST,1
4,TEST -> READ -> READ -> DEFECTS4J_OTHER,1
4,READ -> READ -> DEFECTS4J_OTHER -> READ,1
4,READ -> DEFECTS4J_OTHER -> READ -> READ,1
4,DEFECTS4J_OTHER -> READ -> READ -> WRITE,1
4,BUILD -> BUILD -> TEST -> TEST,1
4,READ -> SEARCH_FILES -> SEARCH_CONTENT -> BUILD,1
4,SEARCH_FILES -> SEARCH_CONTENT -> BUILD -> TEST,1
4,SEARCH_CONTENT -> BUILD -> TEST -> TEST,1
4,WRITE -> WRITE -> READ -> SEARCH_CONTENT,1
4,READ -> WRITE -> READ -> SEARCH_FILES,1
4,WRITE -> READ -> SEARCH_FILES -> READ,1
4,SEARCH_FILES -> READ -> SEARCH_FILES -> FILE_OPS,1
4,READ -> SEARCH_FILES -> FILE_OPS -> WRITE,1
4,SEARCH_FILES -> FILE_OPS -> WRITE -> BUILD,1
4,VCS -> WRITE -> WRITE -> BUILD,1
4,BUILD -> READ -> WRITE -> READ,1
4,READ -> WRITE -> READ -> READ,1
4,READ -> TEST -> VCS -> VCS,1
4,READ -> SEARCH_FILES -> TEST -> READ,1
4,SEARCH_FILES -> TEST -> READ -> TEST,1
4,TEST -> READ -> TEST -> SEARCH_CONTENT,1
4,TEST -> SEARCH_CONTENT -> READ -> SEARCH_CONTENT,1
4,READ -> SEARCH_FILES -> READ -> TEST,1
4,SEARCH_FILES -> READ -> TEST -> BUILD,1
4,SEARCH_CONTENT -> SEARCH_CONTENT -> WRITE -> BUILD,1
4,SEARCH_CONTENT -> WRITE -> BUILD -> TEST,1
4,TEST -> READ -> BUILD -> SEARCH_CONTENT,1
4,BUILD -> SEARCH_CONTENT -> READ -> TEST,1
4,SEARCH_CONTENT -> READ -> TEST -> READ,1
4,WRITE -> TEST -> READ -> BUILD,1
4,TEST -> READ -> TEST -> WRITE,1
4,WRITE -> TEST -> READ -> VCS,1
4,TEST -> READ -> VCS -> VCS,1
4,TEST -> WRITE -> TEST -> SEARCH_CONTENT,1
4,WRITE -> TEST -> VCS -> WRITE,1
4,TEST -> WRITE -> READ -> SEARCH_CONTENT,1
4,WRITE -> READ -> SEARCH_CONTENT -> SEARCH_CONTENT,1
4,READ -> WRITE -> WRITE -> SEARCH_CONTENT,1
4,WRITE -> WRITE -> SEARCH_CONTENT -> WRITE,1
4,WRITE -> SEARCH_CONTENT -> WRITE -> WRITE,1
4,SEARCH_CONTENT -> WRITE -> WRITE -> TEST,1
4,TEST -> TEST -> VCS -> WRITE,1
4,TEST -> WRITE -> TEST -> SCRIPT,1
4,WRITE -> TEST -> SCRIPT -> TEST,1
4,TEST -> SCRIPT -> TEST -> VCS,1
