bug,status,path
Chart_14,match,source/org/jfree/chart/plot/CategoryPlot.java
Chart_14,match,source/org/jfree/chart/plot/XYPlot.java
Chart_15,ote,source/org/jfree/chart/plot/PiePlot3D.java
Chart_18,match,source/org/jfree/data/DefaultKeyedValues.java
Chart_18,match,source/org/jfree/data/DefaultKeyedValues2D.java
Chart_19,match,source/org/jfree/chart/plot/CategoryPlot.java
Chart_25,match,source/org/jfree/chart/renderer/category/StatisticalBarRenderer.java
Cli_1,match,src/java/org/apache/commons/cli/CommandLine.java
Cli_10,ote,src/java/org/apache/commons/cli/Options.java
Cli_13,match,src/java/org/apache/commons/cli2/commandline/WriteableCommandLineImpl.java
Cli_18,match,src/java/org/apache/commons/cli/PosixParser.java
Cli_21,match,src/java/org/apache/commons/cli2/commandline/WriteableCommandLineImpl.java
Cli_21,ote,src/java/org/apache/commons/cli2/commandline/WriteableCommandLineImpl.java.backup
Cli_23,match,src/java/org/apache/commons/cli/HelpFormatter.java
Cli_26,ote,src/java/org/apache/commons/cli/OptionBuilder.java.bak
Cli_30,match,src/main/java/org/apache/commons/cli/DefaultParser.java
Cli_30,ote,src/main/java/org/apache/commons/cli/DefaultParser.java.backup
Cli_31,match,src/main/java/org/apache/commons/cli/HelpFormatter.java
Cli_33,ote,src/main/java/org/apache/commons/cli/HelpFormatter.java.backup
Cli_33,ote,src/main/java/org/apache/commons/cli/HelpFormatter.java.bak
Cli_34,ote,src/main/java/org/apache/commons/cli/CommandLine.java
Cli_36,match,src/main/java/org/apache/commons/cli/OptionGroup.java
Cli_39,match,src/main/java/org/apache/commons/cli/TypeHandler.java
Cli_39,ote,src/main/java/org/apache/commons/cli/TypeHandler.java.backup
Closure_100,ote,src/.DS_Store
Closure_103,match,src/com/google/javascript/jscomp/ControlFlowAnalysis.java
Closure_103,match,src/com/google/javascript/jscomp/DisambiguateProperties.java
Closure_103,ote,src/.DS_Store
Closure_105,ote,src/.DS_Store
Closure_106,ote,src/.DS_Store
Closure_106,ote,src/com/google/javascript/jscomp/CollapseProperties.java
Closure_106,ote,src/com/google/javascript/jscomp/CollapseProperties.java.bak
Closure_108,match,src/com/google/javascript/jscomp/ScopedAliases.java
Closure_108,ote,src/.DS_Store
Closure_110,match,src/com/google/javascript/jscomp/ScopedAliases.java
Closure_110,ote,src/.DS_Store
Closure_115,ote,src/.DS_Store
Closure_116,ote,src/.DS_Store
Closure_117,ote,src/.DS_Store
Closure_117,ote,src/com/google/javascript/jscomp/TypeCheck.java
Closure_134,ote,src/.DS_Store
Closure_135,match,src/com/google/javascript/jscomp/DevirtualizePrototypeMethods.java
Closure_135,ote,src/.DS_Store
Closure_136,ote,src/.DS_Store
Closure_137,ote,src/.DS_Store
Closure_138,match,src/com/google/javascript/jscomp/ClosureReverseAbstractInterpreter.java
Closure_138,ote,src/.DS_Store
Closure_139,ote,src/.DS_Store
Closure_140,ote,src/.DS_Store
Closure_141,ote,src/.DS_Store
Closure_142,ote,src/.DS_Store
Closure_143,match,src/com/google/javascript/jscomp/AbstractCommandLineRunner.java
Closure_143,ote,src/.DS_Store
Closure_144,ote,src/.DS_Store
Closure_147,ote,src/.DS_Store
Closure_148,ote,src/.DS_Store
Closure_149,ote,src/.DS_Store
Closure_151,match,src/com/google/javascript/jscomp/CommandLineRunner.java
Closure_151,ote,src/.DS_Store
Closure_153,ote,src/.DS_Store
Closure_154,ote,src/.DS_Store
Closure_155,ote,src/.DS_Store
Closure_156,ote,src/.DS_Store
Closure_157,match,src/com/google/javascript/jscomp/parsing/IRFactory.java
Closure_157,ote,src/.DS_Store
Closure_158,ote,src/.DS_Store
Closure_16,match,src/com/google/javascript/jscomp/ScopedAliases.java
Closure_160,ote,src/.DS_Store
Closure_160,ote,src/com/google/javascript/jscomp/WarningLevel.java
Closure_162,ote,src/.DS_Store
Closure_163,ote,src/.DS_Store
Closure_164,ote,src/.DS_Store
Closure_165,ote,src/.DS_Store
Closure_167,ote,src/.DS_Store
Closure_169,match,src/com/google/javascript/rhino/jstype/RecordType.java
Closure_169,ote,src/.DS_Store
Closure_171,match,src/com/google/javascript/jscomp/TypedScopeCreator.java
Closure_171,ote,src/.DS_Store
Closure_173,match,src/com/google/javascript/jscomp/CodeGenerator.java
Closure_173,ote,src/.DS_Store
Closure_174,ote,src/.DS_Store
Closure_175,match,src/com/google/javascript/jscomp/FunctionInjector.java
Closure_175,ote,src/.DS_Store
Closure_176,match,src/com/google/javascript/jscomp/TypeInference.java
Closure_176,ote,src/.DS_Store
Closure_21,match,src/com/google/javascript/jscomp/CheckSideEffects.java
Closure_45,match,src/com/google/javascript/jscomp/RemoveUnusedVars.java
Closure_50,match,src/com/google/javascript/jscomp/PeepholeReplaceKnownMethods.java
Closure_51,match,src/com/google/javascript/jscomp/CodeConsumer.java
Closure_53,match,src/com/google/javascript/jscomp/InlineObjectLiterals.java
Closure_6,ote,src/com/google/javascript/jscomp/TypeCheck.java
Closure_60,match,src/com/google/javascript/jscomp/NodeUtil.java
Closure_64,match,src/com/google/javascript/jscomp/Compiler.java
Closure_64,ote,src/com/google/javascript/jscomp/Compiler.java.bak
Closure_68,match,src/com/google/javascript/jscomp/parsing/JsDocInfoParser.java
Closure_72,match,src/com/google/javascript/jscomp/FunctionToBlockMutator.java
Closure_74,match,src/com/google/javascript/jscomp/PeepholeFoldConstants.java
Closure_84,ote,src/com/google/javascript/rhino/Parser.java
Closure_85,ote,src/.DS_Store
Closure_9,match,src/com/google/javascript/jscomp/ProcessCommonJSModules.java
Closure_90,match,src/com/google/javascript/jscomp/FunctionTypeBuilder.java
Closure_90,ote,src/.DS_Store
Closure_98,ote,src/.DS_Store
Closure_99,ote,src/.DS_Store
Codec_1,match,src/java/org/apache/commons/codec/language/Caverphone.java
Codec_1,match,src/java/org/apache/commons/codec/language/Metaphone.java
Codec_1,match,src/java/org/apache/commons/codec/language/SoundexUtils.java
Codec_1,ote,src/.DS_Store
Codec_11,match,src/main/java/org/apache/commons/codec/net/QuotedPrintableCodec.java
Codec_11,ote,src/.DS_Store
Codec_12,ote,src/.DS_Store
Codec_12,ote,src/main/java/org/apache/commons/codec/binary/Base32InputStream.java
Codec_12,ote,src/main/java/org/apache/commons/codec/binary/Base64InputStream.java
Codec_13,match,src/main/java/org/apache/commons/codec/language/DoubleMetaphone.java
Codec_13,ote,src/.DS_Store
Codec_14,ote,src/.DS_Store
Codec_14,ote,src/test/java/org/apache/commons/codec/language/bm/PhoneticEngineRegressionTest.java
Codec_6,match,src/java/org/apache/commons/codec/binary/Base64InputStream.java
Codec_6,ote,src/.DS_Store
Codec_8,match,src/java/org/apache/commons/codec/binary/Base64.java
Codec_8,ote,src/.DS_Store
Codec_8,ote,src/java/org/apache/commons/codec/binary/Base64.java.backup
Codec_8,ote,src/java/org/apache/commons/codec/binary/Base64.java.bak
Codec_8,ote,src/java/org/apache/commons/codec/binary/Base64.java.fixed
Collections_25,ote,src/.DS_Store
Collections_25,ote,src/main/java/org/apache/commons/collections4/iterators/CollatingIterator.java
Compress_10,ote,src/main/java/org/apache/commons/compress/archivers/zip/ZipFile.java.backup
Compress_11,match,src/main/java/org/apache/commons/compress/archivers/ArchiveStreamFactory.java
Compress_2,match,src/main/java/org/apache/commons/compress/archivers/ar/ArArchiveInputStream.java
Compress_2,ote,src/.DS_Store
Compress_2,ote,src/test/java/org/apache/commons/compress/archivers/ArDebugTest.java
Compress_2,ote,src/test/java/org/apache/commons/compress/archivers/ArTestCase.java
Compress_20,match,src/main/java/org/apache/commons/compress/archivers/cpio/CpioArchiveInputStream.java
Compress_29,ote,src/main/java/org/apache/commons/compress/archivers/ArchiveStreamFactory.java.backup
Compress_3,ote,src/.DS_Store
Compress_33,match,src/main/java/org/apache/commons/compress/compressors/CompressorStreamFactory.java
Compress_34,match,src/main/java/org/apache/commons/compress/archivers/zip/X7875_NewUnix.java
Compress_35,match,src/main/java/org/apache/commons/compress/archivers/tar/TarUtils.java
Compress_39,match,src/main/java/org/apache/commons/compress/utils/ArchiveUtils.java
Compress_4,ote,src/.DS_Store
Compress_40,match,src/main/java/org/apache/commons/compress/utils/BitInputStream.java
Compress_42,match,src/main/java/org/apache/commons/compress/archivers/zip/ZipArchiveEntry.java
Compress_43,match,src/main/java/org/apache/commons/compress/archivers/zip/ZipArchiveOutputStream.java
Compress_47,match,src/main/java/org/apache/commons/compress/archivers/zip/ZipArchiveInputStream.java
Compress_6,match,src/main/java/org/apache/commons/compress/archivers/zip/ZipArchiveEntry.java
Compress_9,match,src/main/java/org/apache/commons/compress/archivers/tar/TarArchiveOutputStream.java
Compress_9,ote,src/main/java/org/apache/commons/compress/archivers/tar/TarArchiveOutputStream.java.backup
Csv_13,match,src/main/java/org/apache/commons/csv/CSVPrinter.java
Csv_16,match,src/main/java/org/apache/commons/csv/CSVParser.java
Csv_7,match,src/main/java/org/apache/commons/csv/CSVParser.java
Csv_7,ote,src/test/java/org/apache/commons/csv/DuplicateHeadersTest.java
Csv_8,match,src/main/java/org/apache/commons/csv/CSVFormat.java
JacksonCore_1,ote,src/main/java/com/fasterxml/jackson/core/base/ParserBase.java
JacksonCore_1,ote,src/main/java/com/fasterxml/jackson/core/base/ParserBase.java.backup
JacksonCore_1,ote,src/main/java/com/fasterxml/jackson/core/base/ParserBase.java.bak
JacksonCore_1,ote,src/main/java/com/fasterxml/jackson/core/base/ParserBase.java.tmp
JacksonCore_12,match,src/main/java/com/fasterxml/jackson/core/json/ReaderBasedJsonParser.java
JacksonCore_12,match,src/main/java/com/fasterxml/jackson/core/json/UTF8StreamJsonParser.java
JacksonCore_16,match,src/main/java/com/fasterxml/jackson/core/util/JsonParserSequence.java
JacksonCore_17,match,src/main/java/com/fasterxml/jackson/core/json/UTF8JsonGenerator.java
JacksonCore_18,match,src/main/java/com/fasterxml/jackson/core/json/WriterBasedJsonGenerator.java
JacksonCore_19,match,src/main/java/com/fasterxml/jackson/core/json/ReaderBasedJsonParser.java
JacksonCore_19,match,src/main/java/com/fasterxml/jackson/core/json/UTF8StreamJsonParser.java
JacksonCore_2,match,src/main/java/com/fasterxml/jackson/core/json/ReaderBasedJsonParser.java
JacksonCore_2,match,src/main/java/com/fasterxml/jackson/core/json/UTF8StreamJsonParser.java
JacksonCore_21,match,src/main/java/com/fasterxml/jackson/core/filter/FilteringParserDelegate.java
JacksonCore_22,match,src/main/java/com/fasterxml/jackson/core/filter/FilteringParserDelegate.java
JacksonCore_24,ote,src/main/java/com/fasterxml/jackson/core/exc/InputCoercionException.java
JacksonCore_9,match,src/main/java/com/fasterxml/jackson/core/base/ParserMinimalBase.java
JacksonDatabind_10,match,src/main/java/com/fasterxml/jackson/databind/ser/BeanSerializerFactory.java
JacksonDatabind_103,ote,src/main/java/com/fasterxml/jackson/databind/JsonMappingException.java.bak
JacksonDatabind_103,ote,src/main/java/com/fasterxml/jackson/databind/util/ClassUtil.java.backup
JacksonDatabind_104,match,src/main/java/com/fasterxml/jackson/databind/util/StdDateFormat.java
JacksonDatabind_104,ote,src/test/java/com/fasterxml/jackson/databind/ser/jdk/TestDateSerialization.java
JacksonDatabind_105,ote,src/test/java/com/fasterxml/jackson/databind/deser/jdk/JDKScalarsTest.java
JacksonDatabind_110,match,src/main/java/com/fasterxml/jackson/databind/deser/impl/JavaUtilCollectionsDeserializers.java
JacksonDatabind_110,ote,src/test/java/com/fasterxml/jackson/databind/deser/jdk/UtilCollectionsTypesTest.java
JacksonDatabind_111,match,src/main/java/com/fasterxml/jackson/databind/deser/std/AtomicReferenceDeserializer.java
JacksonDatabind_14,ote,src/test/java/com/fasterxml/jackson/databind/convert/TestUpdateValue.java
JacksonDatabind_15,match,src/main/java/com/fasterxml/jackson/databind/ser/std/StdDelegatingSerializer.java
JacksonDatabind_18,match,src/main/java/com/fasterxml/jackson/databind/MappingIterator.java
JacksonDatabind_21,match,src/main/java/com/fasterxml/jackson/databind/introspect/JacksonAnnotationIntrospector.java
JacksonDatabind_21,ote,src/test/java/com/fasterxml/jackson/databind/deser/TestEnumJsonPropertyFix.java
JacksonDatabind_25,ote,src/main/java/com/fasterxml/jackson/databind/deser/BeanDeserializerFactory.java
JacksonDatabind_29,match,src/main/java/com/fasterxml/jackson/databind/deser/impl/ExternalTypeHandler.java
JacksonDatabind_3,match,src/main/java/com/fasterxml/jackson/databind/deser/std/StringArrayDeserializer.java
JacksonDatabind_30,ote,src/main/java/com/fasterxml/jackson/databind/deser/impl/ExternalTypeHandler.java
JacksonDatabind_30,ote,src/main/java/com/fasterxml/jackson/databind/jsontype/impl/AsExternalTypeDeserializer.java
JacksonDatabind_36,match,src/main/java/com/fasterxml/jackson/databind/util/StdDateFormat.java
JacksonDatabind_38,ote,src/main/java/com/fasterxml/jackson/databind/type/SimpleType.java.bak
JacksonDatabind_4,ote,src/main/java/com/fasterxml/jackson/databind/deser/std/CollectionDeserializer.java
JacksonDatabind_4,ote,src/main/java/com/fasterxml/jackson/databind/deser/std/StringCollectionDeserializer.java
JacksonDatabind_41,ote,src/main/java/com/fasterxml/jackson/databind/type/TypeFactory.java.backup
JacksonDatabind_41,ote,src/main/java/com/fasterxml/jackson/databind/type/TypeFactory.java.bak
JacksonDatabind_48,ote,src/main/java/com/fasterxml/jackson/databind/introspect/POJOPropertiesCollector.java
JacksonDatabind_48,ote,src/main/java/com/fasterxml/jackson/databind/introspect/POJOPropertiesCollector.java.bak
JacksonDatabind_52,match,src/main/java/com/fasterxml/jackson/databind/deser/impl/ExternalTypeHandler.java
JacksonDatabind_54,ote,src/main/java/com/fasterxml/jackson/databind/ser/std/AtomicReferenceSerializer.java
JacksonDatabind_59,ote,src/main/java/com/fasterxml/jackson/databind/deser/BasicDeserializerFactory.java
JacksonDatabind_59,ote,src/main/java/com/fasterxml/jackson/databind/deser/std/MapDeserializer.java
JacksonDatabind_6,match,src/main/java/com/fasterxml/jackson/databind/util/StdDateFormat.java
JacksonDatabind_61,ote,src/main/java/com/fasterxml/jackson/databind/type/TypeFactory.java
JacksonDatabind_66,match,src/main/java/com/fasterxml/jackson/databind/deser/std/StdKeyDeserializer.java
JacksonDatabind_66,ote,src/main/java/com/fasterxml/jackson/databind/deser/std/MapDeserializer.java
JacksonDatabind_68,ote,src/test/java/com/fasterxml/jackson/databind/struct/SingleValueAsArrayTest.java
JacksonDatabind_72,ote,src/main/java/com/fasterxml/jackson/databind/deser/impl/PropertyValueBuffer.java
JacksonDatabind_73,ote,src/main/java/com/fasterxml/jackson/databind/deser/BeanDeserializer.java
JacksonDatabind_77,ote,src/main/java/com/fasterxml/jackson/databind/jsontype/impl/ClassNameIdResolver.java
JacksonDatabind_78,ote,src/main/java/com/fasterxml/jackson/databind/jsontype/impl/ClassNameIdResolver.java
JacksonDatabind_79,match,src/main/java/com/fasterxml/jackson/databind/ser/std/BeanSerializerBase.java
JacksonDatabind_87,match,src/main/java/com/fasterxml/jackson/databind/util/StdDateFormat.java
JacksonDatabind_90,match,src/main/java/com/fasterxml/jackson/databind/deser/ValueInstantiator.java
JacksonDatabind_94,match,src/main/java/com/fasterxml/jackson/databind/jsontype/impl/SubTypeValidator.java
JacksonDatabind_95,match,src/main/java/com/fasterxml/jackson/databind/type/TypeFactory.java
JacksonXml_1,match,src/main/java/com/fasterxml/jackson/dataformat/xml/deser/FromXmlParser.java
Jsoup_11,match,src/main/java/org/jsoup/select/Selector.java
Jsoup_14,ote,src/main/java/org/jsoup/parser/TreeBuilderState.java
Jsoup_16,match,src/main/java/org/jsoup/nodes/DocumentType.java
Jsoup_21,match,src/main/java/org/jsoup/select/QueryParser.java
Jsoup_22,match,src/main/java/org/jsoup/nodes/Element.java
Jsoup_22,ote,src/main/java/org/jsoup/nodes/Element.java.bak
Jsoup_22,ote,src/main/java/org/jsoup/nodes/Node$1.class
Jsoup_22,ote,src/main/java/org/jsoup/nodes/Node$OuterHtmlVisitor.class
Jsoup_22,ote,src/main/java/org/jsoup/nodes/Node.class
Jsoup_22,ote,src/main/java/org/jsoup/nodes/Node.java.backup
Jsoup_22,ote,src/main/java/org/jsoup/nodes/Node.java.bak
Jsoup_22,ote,src/main/java/org/jsoup/nodes/Node.java.bak2
Jsoup_22,ote,src/main/java/org/jsoup/nodes/Node.java.fixed
Jsoup_23,match,src/main/java/org/jsoup/parser/CharacterReader.java
Jsoup_23,match,src/main/java/org/jsoup/parser/Tokeniser.java
Jsoup_28,match,src/main/java/org/jsoup/nodes/Entities.java
Jsoup_29,match,src/main/java/org/jsoup/nodes/Document.java
Jsoup_36,match,src/main/java/org/jsoup/helper/DataUtil.java
Jsoup_4,match,src/main/java/org/jsoup/nodes/Entities.java
Jsoup_50,match,src/main/java/org/jsoup/helper/DataUtil.java
Jsoup_52,match,src/main/java/org/jsoup/nodes/XmlDeclaration.java
Jsoup_52,match,src/main/java/org/jsoup/parser/XmlTreeBuilder.java
Jsoup_52,ote,src/main/java/org/jsoup/Connection$Base.class
Jsoup_52,ote,src/main/java/org/jsoup/Connection$KeyVal.class
Jsoup_52,ote,src/main/java/org/jsoup/Connection$Method.class
Jsoup_52,ote,src/main/java/org/jsoup/Connection$Request.class
Jsoup_52,ote,src/main/java/org/jsoup/Connection$Response.class
Jsoup_52,ote,src/main/java/org/jsoup/Connection.class
Jsoup_52,ote,src/main/java/org/jsoup/HttpStatusException.class
Jsoup_52,ote,src/main/java/org/jsoup/Jsoup.class
Jsoup_52,ote,src/main/java/org/jsoup/SerializationException.class
Jsoup_52,ote,src/main/java/org/jsoup/UnsupportedMimeTypeException.class
Jsoup_52,ote,src/main/java/org/jsoup/helper/DataUtil.class
Jsoup_52,ote,src/main/java/org/jsoup/helper/HttpConnection$1.class
Jsoup_52,ote,src/main/java/org/jsoup/helper/HttpConnection$Base.class
Jsoup_52,ote,src/main/java/org/jsoup/helper/HttpConnection$KeyVal.class
Jsoup_52,ote,src/main/java/org/jsoup/helper/HttpConnection$Request.class
Jsoup_52,ote,src/main/java/org/jsoup/helper/HttpConnection$Response$1.class
Jsoup_52,ote,src/main/java/org/jsoup/helper/HttpConnection$Response$2.class
Jsoup_52,ote,src/main/java/org/jsoup/helper/HttpConnection$Response.class
Jsoup_52,ote,src/main/java/org/jsoup/helper/HttpConnection.class
Jsoup_52,ote,src/main/java/org/jsoup/helper/StringUtil.class
Jsoup_52,ote,src/main/java/org/jsoup/helper/Validate.class
Jsoup_52,ote,src/main/java/org/jsoup/nodes/Attribute.class
Jsoup_52,ote,src/main/java/org/jsoup/nodes/Attributes$1.class
Jsoup_52,ote,src/main/java/org/jsoup/nodes/Attributes$Dataset$DatasetIterator.class
Jsoup_52,ote,src/main/java/org/jsoup/nodes/Attributes$Dataset$EntrySet.class
Jsoup_52,ote,src/main/java/org/jsoup/nodes/Attributes$Dataset.class
Jsoup_52,ote,src/main/java/org/jsoup/nodes/Attributes.class
Jsoup_52,ote,src/main/java/org/jsoup/nodes/BooleanAttribute.class
Jsoup_52,ote,src/main/java/org/jsoup/nodes/Comment.class
Jsoup_52,ote,src/main/java/org/jsoup/nodes/DataNode.class
Jsoup_52,ote,src/main/java/org/jsoup/nodes/Document$OutputSettings$Syntax.class
Jsoup_52,ote,src/main/java/org/jsoup/nodes/Document$OutputSettings.class
Jsoup_52,ote,src/main/java/org/jsoup/nodes/Document$QuirksMode.class
Jsoup_52,ote,src/main/java/org/jsoup/nodes/Document.class
Jsoup_52,ote,src/main/java/org/jsoup/nodes/DocumentType.class
Jsoup_52,ote,src/main/java/org/jsoup/nodes/Element$1.class
Jsoup_52,ote,src/main/java/org/jsoup/nodes/Element.class
Jsoup_52,ote,src/main/java/org/jsoup/nodes/Entities$1.class
Jsoup_52,ote,src/main/java/org/jsoup/nodes/Entities$CoreCharset.class
Jsoup_52,ote,src/main/java/org/jsoup/nodes/Entities$EscapeMode.class
Jsoup_52,ote,src/main/java/org/jsoup/nodes/Entities.class
Jsoup_52,ote,src/main/java/org/jsoup/nodes/FormElement.class
Jsoup_52,ote,src/main/java/org/jsoup/nodes/Node$1.class
Jsoup_52,ote,src/main/java/org/jsoup/nodes/Node$OuterHtmlVisitor.class
Jsoup_52,ote,src/main/java/org/jsoup/nodes/Node.class
Jsoup_52,ote,src/main/java/org/jsoup/nodes/TextNode.class
Jsoup_52,ote,src/main/java/org/jsoup/nodes/XmlDeclaration.class
Jsoup_52,ote,src/main/java/org/jsoup/parser/CharacterReader.class
Jsoup_52,ote,src/main/java/org/jsoup/parser/HtmlTreeBuilder.class
Jsoup_52,ote,src/main/java/org/jsoup/parser/HtmlTreeBuilderState$1.class
Jsoup_52,ote,src/main/java/org/jsoup/parser/HtmlTreeBuilderState$10.class
Jsoup_52,ote,src/main/java/org/jsoup/parser/HtmlTreeBuilderState$11.class
Jsoup_52,ote,src/main/java/org/jsoup/parser/HtmlTreeBuilderState$12.class
Jsoup_52,ote,src/main/java/org/jsoup/parser/HtmlTreeBuilderState$13.class
Jsoup_52,ote,src/main/java/org/jsoup/parser/HtmlTreeBuilderState$14.class
Jsoup_52,ote,src/main/java/org/jsoup/parser/HtmlTreeBuilderState$15.class
Jsoup_52,ote,src/main/java/org/jsoup/parser/HtmlTreeBuilderState$16.class
Jsoup_52,ote,src/main/java/org/jsoup/parser/HtmlTreeBuilderState$17.class
Jsoup_52,ote,src/main/java/org/jsoup/parser/HtmlTreeBuilderState$18.class
Jsoup_52,ote,src/main/java/org/jsoup/parser/HtmlTreeBuilderState$19.class
Jsoup_52,ote,src/main/java/org/jsoup/parser/HtmlTreeBuilderState$2.class
Jsoup_52,ote,src/main/java/org/jsoup/parser/HtmlTreeBuilderState$20.class
Jsoup_52,ote,src/main/java/org/jsoup/parser/HtmlTreeBuilderState$21.class
Jsoup_52,ote,src/main/java/org/jsoup/parser/HtmlTreeBuilderState$22.class
Jsoup_52,ote,src/main/java/org/jsoup/parser/HtmlTreeBuilderState$23.class
Jsoup_52,ote,src/main/java/org/jsoup/parser/HtmlTreeBuilderState$24.class
Jsoup_52,ote,src/main/java/org/jsoup/parser/HtmlTreeBuilderState$3.class
Jsoup_52,ote,src/main/java/org/jsoup/parser/HtmlTreeBuilderState$4.class
Jsoup_52,ote,src/main/java/org/jsoup/parser/HtmlTreeBuilderState$5.class
Jsoup_52,ote,src/main/java/org/jsoup/parser/HtmlTreeBuilderState$6.class
Jsoup_52,ote,src/main/java/org/jsoup/parser/HtmlTreeBuilderState$7.class
Jsoup_52,ote,src/main/java/org/jsoup/parser/HtmlTreeBuilderState$8.class
Jsoup_52,ote,src/main/java/org/jsoup/parser/HtmlTreeBuilderState$9.class
Jsoup_52,ote,src/main/java/org/jsoup/parser/HtmlTreeBuilderState$Constants.class
Jsoup_52,ote,src/main/java/org/jsoup/parser/HtmlTreeBuilderState.class
Jsoup_52,ote,src/main/java/org/jsoup/parser/ParseError.class
Jsoup_52,ote,src/main/java/org/jsoup/parser/ParseErrorList.class
Jsoup_52,ote,src/main/java/org/jsoup/parser/Parser.class
Jsoup_52,ote,src/main/java/org/jsoup/parser/Tag.class
Jsoup_52,ote,src/main/java/org/jsoup/parser/Token$1.class
Jsoup_52,ote,src/main/java/org/jsoup/parser/Token$Character.class
Jsoup_52,ote,src/main/java/org/jsoup/parser/Token$Comment.class
Jsoup_52,ote,src/main/java/org/jsoup/parser/Token$Doctype.class
Jsoup_52,ote,src/main/java/org/jsoup/parser/Token$EOF.class
Jsoup_52,ote,src/main/java/org/jsoup/parser/Token$EndTag.class
Jsoup_52,ote,src/main/java/org/jsoup/parser/Token$StartTag.class
Jsoup_52,ote,src/main/java/org/jsoup/parser/Token$Tag.class
Jsoup_52,ote,src/main/java/org/jsoup/parser/Token$TokenType.class
Jsoup_52,ote,src/main/java/org/jsoup/parser/Token.class
Jsoup_52,ote,src/main/java/org/jsoup/parser/TokenQueue.class
Jsoup_52,ote,src/main/java/org/jsoup/parser/Tokeniser.class
Jsoup_52,ote,src/main/java/org/jsoup/parser/TokeniserState$1.class
Jsoup_52,ote,src/main/java/org/jsoup/parser/TokeniserState$10.class
Jsoup_52,ote,src/main/java/org/jsoup/parser/TokeniserState$11.class
Jsoup_52,ote,src/main/java/org/jsoup/parser/TokeniserState$12.class
Jsoup_52,ote,src/main/java/org/jsoup/parser/TokeniserState$13.class
Jsoup_52,ote,src/main/java/org/jsoup/parser/TokeniserState$14.class
Jsoup_52,ote,src/main/java/org/jsoup/parser/TokeniserState$15.class
Jsoup_52,ote,src/main/java/org/jsoup/parser/TokeniserState$16.class
Jsoup_52,ote,src/main/java/org/jsoup/parser/TokeniserState$17.class
Jsoup_52,ote,src/main/java/org/jsoup/parser/TokeniserState$18.class
Jsoup_52,ote,src/main/java/org/jsoup/parser/TokeniserState$19.class
Jsoup_52,ote,src/main/java/org/jsoup/parser/TokeniserState$2.class
Jsoup_52,ote,src/main/java/org/jsoup/parser/TokeniserState$20.class
Jsoup_52,ote,src/main/java/org/jsoup/parser/TokeniserState$21.class
Jsoup_52,ote,src/main/java/org/jsoup/parser/TokeniserState$22.class
Jsoup_52,ote,src/main/java/org/jsoup/parser/TokeniserState$23.class
Jsoup_52,ote,src/main/java/org/jsoup/parser/TokeniserState$24.class
Jsoup_52,ote,src/main/java/org/jsoup/parser/TokeniserState$25.class
Jsoup_52,ote,src/main/java/org/jsoup/parser/TokeniserState$26.class
Jsoup_52,ote,src/main/java/org/jsoup/parser/TokeniserState$27.class
Jsoup_52,ote,src/main/java/org/jsoup/parser/TokeniserState$28.class
Jsoup_52,ote,src/main/java/org/jsoup/parser/TokeniserState$29.class
Jsoup_52,ote,src/main/java/org/jsoup/parser/TokeniserState$3.class
Jsoup_52,ote,src/main/java/org/jsoup/parser/TokeniserState$30.class
Jsoup_52,ote,src/main/java/org/jsoup/parser/TokeniserState$31.class
Jsoup_52,ote,src/main/java/org/jsoup/parser/TokeniserState$32.class
Jsoup_52,ote,src/main/java/org/jsoup/parser/TokeniserState$33.class
Jsoup_52,ote,src/main/java/org/jsoup/parser/TokeniserState$34.class
Jsoup_52,ote,src/main/java/org/jsoup/parser/TokeniserState$35.class
Jsoup_52,ote,src/main/java/org/jsoup/parser/TokeniserState$36.class
Jsoup_52,ote,src/main/java/org/jsoup/parser/TokeniserState$37.class
Jsoup_52,ote,src/main/java/org/jsoup/parser/TokeniserState$38.class
Jsoup_52,ote,src/main/java/org/jsoup/parser/TokeniserState$39.class
Jsoup_52,ote,src/main/java/org/jsoup/parser/TokeniserState$4.class
Jsoup_52,ote,src/main/java/org/jsoup/parser/TokeniserState$40.class
Jsoup_52,ote,src/main/java/org/jsoup/parser/TokeniserState$41.class
Jsoup_52,ote,src/main/java/org/jsoup/parser/TokeniserState$42.class
Jsoup_52,ote,src/main/java/org/jsoup/parser/TokeniserState$43.class
Jsoup_52,ote,src/main/java/org/jsoup/parser/TokeniserState$44.class
Jsoup_52,ote,src/main/java/org/jsoup/parser/TokeniserState$45.class
Jsoup_52,ote,src/main/java/org/jsoup/parser/TokeniserState$46.class
Jsoup_52,ote,src/main/java/org/jsoup/parser/TokeniserState$47.class
Jsoup_52,ote,src/main/java/org/jsoup/parser/TokeniserState$48.class
Jsoup_52,ote,src/main/java/org/jsoup/parser/TokeniserState$49.class
Jsoup_52,ote,src/main/java/org/jsoup/parser/TokeniserState$5.class
Jsoup_52,ote,src/main/java/org/jsoup/parser/TokeniserState$50.class
Jsoup_52,ote,src/main/java/org/jsoup/parser/TokeniserState$51.class
Jsoup_52,ote,src/main/java/org/jsoup/parser/TokeniserState$52.class
Jsoup_52,ote,src/main/java/org/jsoup/parser/TokeniserState$53.class
Jsoup_52,ote,src/main/java/org/jsoup/parser/TokeniserState$54.class
Jsoup_52,ote,src/main/java/org/jsoup/parser/TokeniserState$55.class
Jsoup_52,ote,src/main/java/org/jsoup/parser/TokeniserState$56.class
Jsoup_52,ote,src/main/java/org/jsoup/parser/TokeniserState$57.class
Jsoup_52,ote,src/main/java/org/jsoup/parser/TokeniserState$58.class
Jsoup_52,ote,src/main/java/org/jsoup/parser/TokeniserState$59.class
Jsoup_52,ote,src/main/java/org/jsoup/parser/TokeniserState$6.class
Jsoup_52,ote,src/main/java/org/jsoup/parser/TokeniserState$60.class
Jsoup_52,ote,src/main/java/org/jsoup/parser/TokeniserState$61.class
Jsoup_52,ote,src/main/java/org/jsoup/parser/TokeniserState$62.class
Jsoup_52,ote,src/main/java/org/jsoup/parser/TokeniserState$63.class
Jsoup_52,ote,src/main/java/org/jsoup/parser/TokeniserState$64.class
Jsoup_52,ote,src/main/java/org/jsoup/parser/TokeniserState$65.class
Jsoup_52,ote,src/main/java/org/jsoup/parser/TokeniserState$66.class
Jsoup_52,ote,src/main/java/org/jsoup/parser/TokeniserState$67.class
Jsoup_52,ote,src/main/java/org/jsoup/parser/TokeniserState$7.class
Jsoup_52,ote,src/main/java/org/jsoup/parser/TokeniserState$8.class
Jsoup_52,ote,src/main/java/org/jsoup/parser/TokeniserState$9.class
Jsoup_52,ote,src/main/java/org/jsoup/parser/TokeniserState.class
Jsoup_52,ote,src/main/java/org/jsoup/parser/TreeBuilder.class
Jsoup_52,ote,src/main/java/org/jsoup/parser/XmlTreeBuilder$1.class
Jsoup_52,ote,src/main/java/org/jsoup/parser/XmlTreeBuilder.class
Jsoup_52,ote,src/main/java/org/jsoup/safety/Cleaner$1.class
Jsoup_52,ote,src/main/java/org/jsoup/safety/Cleaner$CleaningVisitor.class
Jsoup_52,ote,src/main/java/org/jsoup/safety/Cleaner$ElementMeta.class
Jsoup_52,ote,src/main/java/org/jsoup/safety/Cleaner.class
Jsoup_52,ote,src/main/java/org/jsoup/safety/Whitelist$AttributeKey.class
Jsoup_52,ote,src/main/java/org/jsoup/safety/Whitelist$AttributeValue.class
Jsoup_52,ote,src/main/java/org/jsoup/safety/Whitelist$Protocol.class
Jsoup_52,ote,src/main/java/org/jsoup/safety/Whitelist$TagName.class
Jsoup_52,ote,src/main/java/org/jsoup/safety/Whitelist$TypedValue.class
Jsoup_52,ote,src/main/java/org/jsoup/safety/Whitelist.class
Jsoup_52,ote,src/main/java/org/jsoup/select/Collector$Accumulator.class
Jsoup_52,ote,src/main/java/org/jsoup/select/Collector.class
Jsoup_52,ote,src/main/java/org/jsoup/select/CombiningEvaluator$And.class
Jsoup_52,ote,src/main/java/org/jsoup/select/CombiningEvaluator$Or.class
Jsoup_52,ote,src/main/java/org/jsoup/select/CombiningEvaluator.class
Jsoup_52,ote,src/main/java/org/jsoup/select/Elements.class
Jsoup_52,ote,src/main/java/org/jsoup/select/Evaluator$AllElements.class
Jsoup_52,ote,src/main/java/org/jsoup/select/Evaluator$Attribute.class
Jsoup_52,ote,src/main/java/org/jsoup/select/Evaluator$AttributeKeyPair.class
Jsoup_52,ote,src/main/java/org/jsoup/select/Evaluator$AttributeStarting.class
Jsoup_52,ote,src/main/java/org/jsoup/select/Evaluator$AttributeWithValue.class
Jsoup_52,ote,src/main/java/org/jsoup/select/Evaluator$AttributeWithValueContaining.class
Jsoup_52,ote,src/main/java/org/jsoup/select/Evaluator$AttributeWithValueEnding.class
Jsoup_52,ote,src/main/java/org/jsoup/select/Evaluator$AttributeWithValueMatching.class
Jsoup_52,ote,src/main/java/org/jsoup/select/Evaluator$AttributeWithValueNot.class
Jsoup_52,ote,src/main/java/org/jsoup/select/Evaluator$AttributeWithValueStarting.class
Jsoup_52,ote,src/main/java/org/jsoup/select/Evaluator$Class.class
Jsoup_52,ote,src/main/java/org/jsoup/select/Evaluator$ContainsOwnText.class
Jsoup_52,ote,src/main/java/org/jsoup/select/Evaluator$ContainsText.class
Jsoup_52,ote,src/main/java/org/jsoup/select/Evaluator$CssNthEvaluator.class
Jsoup_52,ote,src/main/java/org/jsoup/select/Evaluator$Id.class
Jsoup_52,ote,src/main/java/org/jsoup/select/Evaluator$IndexEquals.class
Jsoup_52,ote,src/main/java/org/jsoup/select/Evaluator$IndexEvaluator.class
Jsoup_52,ote,src/main/java/org/jsoup/select/Evaluator$IndexGreaterThan.class
Jsoup_52,ote,src/main/java/org/jsoup/select/Evaluator$IndexLessThan.class
Jsoup_52,ote,src/main/java/org/jsoup/select/Evaluator$IsEmpty.class
Jsoup_52,ote,src/main/java/org/jsoup/select/Evaluator$IsFirstChild.class
Jsoup_52,ote,src/main/java/org/jsoup/select/Evaluator$IsFirstOfType.class
Jsoup_52,ote,src/main/java/org/jsoup/select/Evaluator$IsLastChild.class
Jsoup_52,ote,src/main/java/org/jsoup/select/Evaluator$IsLastOfType.class
Jsoup_52,ote,src/main/java/org/jsoup/select/Evaluator$IsNthChild.class
Jsoup_52,ote,src/main/java/org/jsoup/select/Evaluator$IsNthLastChild.class
Jsoup_52,ote,src/main/java/org/jsoup/select/Evaluator$IsNthLastOfType.class
Jsoup_52,ote,src/main/java/org/jsoup/select/Evaluator$IsNthOfType.class
Jsoup_52,ote,src/main/java/org/jsoup/select/Evaluator$IsOnlyChild.class
Jsoup_52,ote,src/main/java/org/jsoup/select/Evaluator$IsOnlyOfType.class
Jsoup_52,ote,src/main/java/org/jsoup/select/Evaluator$IsRoot.class
Jsoup_52,ote,src/main/java/org/jsoup/select/Evaluator$Matches.class
Jsoup_52,ote,src/main/java/org/jsoup/select/Evaluator$MatchesOwn.class
Jsoup_52,ote,src/main/java/org/jsoup/select/Evaluator$Tag.class
Jsoup_52,ote,src/main/java/org/jsoup/select/Evaluator.class
Jsoup_52,ote,src/main/java/org/jsoup/select/NodeTraversor.class
Jsoup_52,ote,src/main/java/org/jsoup/select/NodeVisitor.class
Jsoup_52,ote,src/main/java/org/jsoup/select/QueryParser.class
Jsoup_52,ote,src/main/java/org/jsoup/select/Selector$SelectorParseException.class
Jsoup_52,ote,src/main/java/org/jsoup/select/Selector.class
Jsoup_52,ote,src/main/java/org/jsoup/select/StructuralEvaluator$Has.class
Jsoup_52,ote,src/main/java/org/jsoup/select/StructuralEvaluator$ImmediateParent.class
Jsoup_52,ote,src/main/java/org/jsoup/select/StructuralEvaluator$ImmediatePreviousSibling.class
Jsoup_52,ote,src/main/java/org/jsoup/select/StructuralEvaluator$Not.class
Jsoup_52,ote,src/main/java/org/jsoup/select/StructuralEvaluator$Parent.class
Jsoup_52,ote,src/main/java/org/jsoup/select/StructuralEvaluator$PreviousSibling.class
Jsoup_52,ote,src/main/java/org/jsoup/select/StructuralEvaluator$Root.class
Jsoup_52,ote,src/main/java/org/jsoup/select/StructuralEvaluator.class
Jsoup_59,ote,src/main/java/org/jsoup/nodes/Attribute.java
Jsoup_60,ote,src/test/java/org/jsoup/select/QueryParserTest.java
Jsoup_63,match,src/main/java/org/jsoup/parser/HtmlTreeBuilder.java
Jsoup_65,match,src/main/java/org/jsoup/parser/HtmlTreeBuilderState.java
Jsoup_67,match,src/main/java/org/jsoup/parser/HtmlTreeBuilder.java
Jsoup_7,match,src/main/java/org/jsoup/nodes/Document.java
Jsoup_71,match,src/main/java/org/jsoup/select/Evaluator.java
Jsoup_71,match,src/main/java/org/jsoup/select/QueryParser.java
Jsoup_73,match,src/main/java/org/jsoup/helper/W3CDom.java
Jsoup_74,ote,src/main/java/org/jsoup/nodes/TextNode.java
Jsoup_78,ote,src/main/java/org/jsoup/parser/CharacterReader.java
Jsoup_81,match,src/main/java/org/jsoup/helper/DataUtil.java
Jsoup_83,match,src/main/java/org/jsoup/parser/TokeniserState.java
Jsoup_87,match,src/main/java/org/jsoup/parser/HtmlTreeBuilder.java
Jsoup_87,ote,src/main/java/org/jsoup/parser/HtmlTreeBuilder.java.orig
Jsoup_87,ote,src/main/java/org/jsoup/parser/HtmlTreeBuilder.java.rej
JxPath_1,ote,src/java/org/apache/commons/jxpath/ri/axes/DescendantContext.java
JxPath_11,match,src/java/org/apache/commons/jxpath/ri/model/dom/DOMAttributeIterator.java
JxPath_13,match,src/java/org/apache/commons/jxpath/ri/model/dom/DOMNodePointer.java
JxPath_16,match,src/java/org/apache/commons/jxpath/ri/model/dom/DOMNodePointer.java
JxPath_16,match,src/java/org/apache/commons/jxpath/ri/model/jdom/JDOMNodePointer.java
JxPath_17,match,src/java/org/apache/commons/jxpath/ri/model/dom/DOMAttributeIterator.java
JxPath_17,match,src/java/org/apache/commons/jxpath/ri/model/jdom/JDOMAttributeIterator.java
JxPath_18,match,src/java/org/apache/commons/jxpath/ri/axes/AttributeContext.java
JxPath_19,match,src/java/org/apache/commons/jxpath/ri/model/dom/DOMNodePointer.java
JxPath_2,match,src/java/org/apache/commons/jxpath/ri/compiler/Expression.java
JxPath_20,match,src/java/org/apache/commons/jxpath/ri/compiler/CoreOperationRelationalExpression.java
JxPath_3,ote,src/java/org/apache/commons/jxpath/util/ValueUtils.java
JxPath_4,match,src/java/org/apache/commons/jxpath/ri/model/dom/DOMNodePointer.java
JxPath_4,match,src/java/org/apache/commons/jxpath/ri/model/jdom/JDOMNodePointer.java
JxPath_7,match,src/java/org/apache/commons/jxpath/ri/compiler/CoreOperationGreaterThan.java
JxPath_7,match,src/java/org/apache/commons/jxpath/ri/compiler/CoreOperationGreaterThanOrEqual.java
JxPath_7,match,src/java/org/apache/commons/jxpath/ri/compiler/CoreOperationLessThan.java
JxPath_7,match,src/java/org/apache/commons/jxpath/ri/compiler/CoreOperationLessThanOrEqual.java
JxPath_7,ote,src/java/org/apache/commons/jxpath/ri/compiler/CoreOperationLessThan.java.bak
JxPath_9,match,src/java/org/apache/commons/jxpath/ri/compiler/CoreOperationCompare.java
Lang_15,match,src/main/java/org/apache/commons/lang3/reflect/TypeUtils.java
Lang_15,ote,src/test/java/org/apache/commons/lang3/reflect/TypeUtilsTest.java
Lang_19,match,src/main/java/org/apache/commons/lang3/text/translate/NumericEntityUnescaper.java
Lang_20,match,src/main/java/org/apache/commons/lang3/StringUtils.java
Lang_23,match,src/main/java/org/apache/commons/lang3/text/ExtendedMessageFormat.java
Lang_32,match,src/main/java/org/apache/commons/lang3/builder/HashCodeBuilder.java
Lang_32,ote,src/main/java/org/apache/commons/lang3/builder/ToStringStyle.java
Lang_34,match,src/main/java/org/apache/commons/lang3/builder/ToStringStyle.java
Lang_34,ote,src/main/java/org/apache/commons/lang3/builder/HashCodeBuilder.java
Lang_35,match,src/main/java/org/apache/commons/lang3/ArrayUtils.java
Lang_4,match,src/main/java/org/apache/commons/lang3/text/translate/LookupTranslator.java
Lang_41,match,src/java/org/apache/commons/lang/ClassUtils.java
Lang_46,ote,src/java/org/apache/commons/lang/StringEscapeUtils.java.bak
Lang_47,ote,src/java/org/apache/commons/lang/text/StrBuilder.java.backup
Lang_47,ote,src/java/org/apache/commons/lang/text/StrBuilder.java.bak1
Lang_47,ote,src/java/org/apache/commons/lang/text/StrBuilder.java.bak2
Lang_5,match,src/main/java/org/apache/commons/lang3/LocaleUtils.java
Lang_56,match,src/java/org/apache/commons/lang/time/FastDateFormat.java
Lang_56,ote,src/java/org/apache/commons/lang/time/FastDateFormat.java.backup
Lang_56,ote,src/java/org/apache/commons/lang/time/FastDateFormat.java.bak
Lang_60,match,src/java/org/apache/commons/lang/text/StrBuilder.java
Lang_60,ote,src/java/org/apache/commons/lang/text/StrBuilder.java.bak
Lang_62,match,src/java/org/apache/commons/lang/Entities.java
Lang_63,match,src/java/org/apache/commons/lang/time/DurationFormatUtils.java
Lang_64,match,src/java/org/apache/commons/lang/enums/ValuedEnum.java
Lang_64,ote,src/java/org/apache/commons/lang/enums/ValuedEnum.java.backup
Lang_65,ote,src/java/org/apache/commons/lang/time/DateUtils.java.backup
Lang_7,match,src/main/java/org/apache/commons/lang3/math/NumberUtils.java
Math_1,ote,src/main/java/org/apache/commons/math3/fraction/BigFraction.java.backup
Math_1,ote,src/main/java/org/apache/commons/math3/fraction/Fraction.java.backup
Math_100,match,src/java/org/apache/commons/math/estimation/AbstractEstimator.java
Math_106,match,src/java/org/apache/commons/math/fraction/ProperFractionFormat.java
Math_14,match,src/main/java/org/apache/commons/math3/optim/nonlinear/vector/Weight.java
Math_15,match,src/main/java/org/apache/commons/math3/util/FastMath.java
Math_16,ote,src/main/java/org/apache/commons/math3/util/FastMath.java.bak
Math_18,ote,src/main/java/org/apache/commons/math3/optimization/direct/CMAESOptimizer.java.backup
Math_21,match,src/main/java/org/apache/commons/math3/linear/RectangularCholeskyDecomposition.java
Math_22,match,src/main/java/org/apache/commons/math3/distribution/FDistribution.java
Math_22,match,src/main/java/org/apache/commons/math3/distribution/UniformRealDistribution.java
Math_22,ote,src/main/java/org/apache/commons/math3/distribution/RealDistribution.java
Math_23,match,src/main/java/org/apache/commons/math3/optimization/univariate/BrentOptimizer.java
Math_24,match,src/main/java/org/apache/commons/math3/optimization/univariate/BrentOptimizer.java
Math_24,ote,src/main/java/org/apache/commons/math3/optimization/univariate/BrentOptimizer.java.backup
Math_26,match,src/main/java/org/apache/commons/math3/fraction/Fraction.java
Math_28,ote,src/main/java/org/apache/commons/math3/optimization/linear/SimplexSolver.java.bak
Math_29,match,src/main/java/org/apache/commons/math3/linear/OpenMapRealVector.java
Math_35,match,src/main/java/org/apache/commons/math3/genetics/ElitisticListPopulation.java
Math_36,match,src/main/java/org/apache/commons/math/fraction/BigFraction.java
Math_38,match,src/main/java/org/apache/commons/math/optimization/direct/BOBYQAOptimizer.java
Math_4,match,src/main/java/org/apache/commons/math3/geometry/euclidean/threed/SubLine.java
Math_4,match,src/main/java/org/apache/commons/math3/geometry/euclidean/twod/SubLine.java
Math_44,ote,src/main/java/org/apache/commons/math/ode/events/EventState.java
Math_46,match,src/main/java/org/apache/commons/math/complex/Complex.java
Math_47,match,src/main/java/org/apache/commons/math/complex/Complex.java
Math_49,match,src/main/java/org/apache/commons/math/linear/OpenMapRealVector.java
Math_52,match,src/main/java/org/apache/commons/math/geometry/euclidean/threed/Rotation.java
Math_54,match,src/main/java/org/apache/commons/math/dfp/Dfp.java
Math_55,match,src/main/java/org/apache/commons/math/geometry/Vector3D.java
Math_6,ote,src/main/java/org/apache/commons/math3/optimization/general/LevenbergMarquardtOptimizer.java
Math_61,match,src/main/java/org/apache/commons/math/distribution/PoissonDistributionImpl.java
Math_65,match,src/main/java/org/apache/commons/math/optimization/general/AbstractLeastSquaresOptimizer.java
Math_66,match,src/main/java/org/apache/commons/math/optimization/univariate/BrentOptimizer.java
Math_68,match,src/main/java/org/apache/commons/math/optimization/general/LevenbergMarquardtOptimizer.java
Math_7,match,src/main/java/org/apache/commons/math3/ode/AbstractIntegrator.java
Math_71,match,src/main/java/org/apache/commons/math/ode/nonstiff/EmbeddedRungeKuttaIntegrator.java
Math_72,match,src/main/java/org/apache/commons/math/analysis/solvers/BrentSolver.java
Math_76,match,src/main/java/org/apache/commons/math/linear/SingularValueDecompositionImpl.java
Math_77,match,src/main/java/org/apache/commons/math/linear/ArrayRealVector.java
Math_77,match,src/main/java/org/apache/commons/math/linear/OpenMapRealVector.java
Math_78,match,src/main/java/org/apache/commons/math/ode/events/EventState.java
Math_83,ote,src/main/java/org/apache/commons/math/optimization/linear/SimplexSolver.class
Math_83,ote,src/main/java/org/apache/commons/math/optimization/linear/SimplexSolver.java
Math_83,ote,src/main/java/org/apache/commons/math/optimization/linear/SimplexSolver.java.backup
Math_83,ote,src/main/java/org/apache/commons/math/optimization/linear/SimplexSolver.java.bak
Math_84,match,src/main/java/org/apache/commons/math/optimization/direct/MultiDirectional.java
Math_86,match,src/java/org/apache/commons/math/linear/CholeskyDecompositionImpl.java
Math_90,match,src/java/org/apache/commons/math/stat/Frequency.java
Math_92,match,src/java/org/apache/commons/math/util/MathUtils.java
Math_93,match,src/java/org/apache/commons/math/util/MathUtils.java
Math_98,ote,src/java/org/apache/commons/math/linear/RealMatrixImpl.java.bak
Math_99,match,src/java/org/apache/commons/math/util/MathUtils.java
Mockito_10,match,src/org/mockito/internal/stubbing/defaultanswers/ReturnsDeepStubs.java
Mockito_15,match,src/org/mockito/internal/configuration/injection/FinalMockCandidateFilter.java
Mockito_17,match,src/org/mockito/internal/creation/MockSettingsImpl.java
Mockito_19,match,src/org/mockito/internal/configuration/injection/filter/NameBasedCandidateFilter.java
Mockito_2,match,src/org/mockito/internal/util/Timer.java
Mockito_20,ote,src/org/mockito/internal/creation/instance/ConstructorInstantiator.java
Mockito_20,ote,src/org/mockito/internal/creation/instance/InstantiatorProvider.java
Mockito_21,match,src/org/mockito/internal/creation/instance/ConstructorInstantiator.java
Mockito_23,match,src/org/mockito/internal/stubbing/defaultanswers/ReturnsDeepStubs.java
Mockito_25,match,src/org/mockito/internal/stubbing/defaultanswers/ReturnsDeepStubs.java
Mockito_3,match,src/org/mockito/internal/invocation/InvocationMatcher.java
Mockito_30,match,src/org/mockito/internal/stubbing/defaultanswers/ReturnsSmartNulls.java
Mockito_32,match,src/org/mockito/internal/configuration/SpyAnnotationEngine.java
Mockito_35,ote,src/org/mockito/internal/matchers/InstanceOf.java
Mockito_4,match,src/org/mockito/exceptions/Reporter.java
Mockito_6,match,src/org/mockito/Matchers.java
Mockito_6,ote,src/org/mockito/internal/matchers/NullRejectingAny.java
Time_1,match,src/main/java/org/joda/time/Partial.java
Time_10,ote,src/main/java/org/joda/time/Days.java.bak
Time_10,ote,src/main/java/org/joda/time/Months.java.bak
Time_12,match,src/main/java/org/joda/time/LocalDate.java
Time_12,ote,src/main/java/org/joda/time/LocalDate.java.backup
Time_13,match,src/main/java/org/joda/time/format/PeriodFormatterBuilder.java
Time_2,match,src/main/java/org/joda/time/Partial.java
Time_23,match,src/main/java/org/joda/time/DateTimeZone.java
Time_23,ote,src/main/java/org/joda/time/DateTimeZone.java.bak
Time_26,ote,src/main/java/org/joda/time/DateTime.java
Time_3,match,src/main/java/org/joda/time/MutableDateTime.java
Time_6,match,src/main/java/org/joda/time/chrono/GJChronology.java
Time_9,match,src/main/java/org/joda/time/DateTimeZone.java
