bug,BUILD,DEFECTS4J_OTHER,FILE_OPS,NAVIGATE,OTHER,PATCH,READ,SCRIPT,SEARCH_CONTENT,SEARCH_FILES,TEST,TRANSFORM,UTIL,VCS,WEB,WRITE
Chart_14,1,0,0,0,0,0,9,0,4,2,4,0,0,0,0,11
Chart_15,7,0,1,2,0,0,21,0,9,2,9,0,1,0,0,7
Chart_18,3,0,0,15,0,0,22,0,4,1,14,0,0,0,0,8
Chart_19,2,0,0,3,0,0,12,0,4,3,6,0,0,0,0,4
Chart_2,5,0,0,12,0,1,9,0,3,9,6,0,0,1,1,4
Chart_21,3,0,0,1,0,0,6,0,0,3,6,0,0,0,0,5
Chart_25,2,0,0,0,0,0,12,0,2,14,7,0,0,0,0,5
Chart_4,2,0,0,0,0,0,12,0,2,4,8,0,0,0,0,5
Cli_1,12,0,1,13,0,0,6,0,0,7,5,0,0,1,0,5
Cli_10,1,0,0,1,0,0,6,0,1,7,4,0,0,1,0,3
Cli_13,4,0,1,0,0,0,18,0,4,1,8,0,0,2,0,5
Cli_14,0,0,0,0,0,0,1,0,0,12,0,0,0,0,0,0
Cli_18,2,0,0,10,0,0,16,1,4,0,6,0,0,5,0,6
Cli_21,6,0,2,20,2,0,18,0,3,7,9,0,0,5,0,7
Cli_22,10,1,1,30,0,0,9,0,3,0,14,0,0,10,0,11
Cli_23,5,0,1,0,0,0,5,0,2,3,7,0,0,6,0,4
Cli_26,7,0,5,19,0,1,15,1,1,5,6,0,2,3,0,12
Cli_30,2,0,1,0,0,0,11,0,3,9,2,0,0,0,0,8
Cli_31,10,0,1,4,0,0,12,0,5,0,7,0,0,0,0,6
Cli_33,9,0,3,13,0,0,10,0,5,2,6,0,0,0,0,10
Cli_34,1,0,1,4,1,0,13,1,4,1,3,0,0,0,0,8
Cli_36,4,0,0,8,0,0,5,0,1,8,4,0,0,0,0,2
Cli_39,2,0,1,0,0,0,17,0,2,6,5,0,0,2,0,10
Closure_100,0,0,0,0,0,0,4,0,0,0,2,0,0,0,0,0
Closure_103,4,0,0,0,0,0,11,0,1,5,10,0,0,2,0,4
Closure_106,5,0,0,9,0,0,15,0,3,2,4,0,0,4,0,13
Closure_108,3,0,0,0,0,0,6,0,1,0,8,0,0,0,0,6
Closure_110,4,0,0,2,0,0,11,0,4,0,11,0,0,2,0,6
Closure_115,0,0,0,0,0,0,3,0,0,0,2,0,0,0,0,0
Closure_116,0,0,0,0,0,0,11,0,0,3,6,0,0,0,0,0
Closure_117,9,0,0,0,0,1,22,0,8,8,11,0,2,6,0,22
Closure_134,2,0,0,4,0,1,22,0,6,4,8,0,0,3,0,7
Closure_135,6,0,0,0,0,0,12,0,8,6,12,0,0,6,0,5
Closure_137,0,0,0,0,0,0,4,0,0,0,2,0,0,0,0,0
Closure_138,5,0,0,10,0,2,15,0,6,4,6,0,0,0,0,6
Closure_139,0,0,0,0,0,0,3,0,0,0,2,0,0,0,0,0
Closure_140,0,0,0,0,0,0,4,0,0,0,2,0,0,0,0,0
Closure_141,1,0,0,3,0,0,16,0,6,4,6,0,0,0,0,6
Closure_142,1,0,0,17,0,0,13,0,10,1,11,0,0,3,0,9
Closure_143,6,0,1,1,0,0,10,0,8,1,10,0,0,4,0,5
Closure_147,1,0,0,0,0,0,6,0,0,2,3,0,0,0,0,0
Closure_148,2,0,0,1,0,0,16,0,7,0,5,0,0,1,0,4
Closure_151,7,0,0,4,0,0,10,0,4,1,4,0,1,0,0,5
Closure_153,0,0,0,0,0,0,4,0,0,0,4,0,0,0,0,0
Closure_154,0,0,0,0,0,0,2,0,0,0,3,0,0,0,0,0
Closure_155,0,0,0,0,0,0,4,0,0,0,2,0,0,0,0,0
Closure_157,7,0,0,5,0,0,19,0,16,3,10,0,1,3,0,7
Closure_158,0,0,0,4,0,0,12,0,7,2,6,0,0,0,0,1
Closure_16,3,0,0,0,0,0,9,0,3,1,9,0,0,0,0,5
Closure_160,4,0,0,11,1,0,12,0,9,6,10,0,0,4,0,9
Closure_162,0,0,0,0,0,0,3,0,0,0,2,0,0,0,0,0
Closure_163,0,0,0,0,0,0,3,0,0,0,2,0,0,0,0,0
Closure_164,1,0,0,0,0,0,12,0,2,4,4,0,0,0,0,1
Closure_165,0,0,0,0,0,0,1,0,0,0,0,0,0,0,0,0
Closure_167,7,0,0,21,0,0,21,0,21,4,9,0,0,4,0,8
Closure_169,5,0,0,0,0,0,12,0,10,5,11,0,0,0,0,6
Closure_171,6,0,0,0,0,0,14,0,5,2,7,0,0,0,0,5
Closure_173,10,0,0,0,0,0,9,0,6,0,7,0,0,5,0,8
Closure_174,1,0,0,0,0,0,3,0,2,1,3,0,0,0,0,0
Closure_175,11,0,0,24,0,0,14,0,5,4,15,0,1,1,0,10
Closure_176,3,0,0,0,0,0,7,0,3,0,8,0,1,5,0,6
Closure_21,3,0,0,3,0,0,8,0,4,1,8,0,0,2,0,9
Closure_24,0,0,0,0,0,0,3,0,0,0,2,0,0,0,0,0
Closure_25,6,0,0,0,0,0,15,0,14,0,11,0,0,0,0,11
Closure_26,0,0,0,0,0,0,10,0,2,2,3,0,0,0,0,2
Closure_27,0,0,0,0,0,0,3,0,0,0,2,0,0,0,0,0
Closure_29,1,0,0,0,0,0,6,0,0,3,4,0,0,0,0,0
Closure_3,0,0,0,0,0,0,3,0,0,0,2,0,0,1,0,0
Closure_30,0,0,0,0,0,0,3,0,0,0,2,0,0,0,0,0
Closure_32,0,0,0,0,0,0,5,0,0,2,3,0,0,0,0,0
Closure_34,4,0,0,1,0,0,16,0,2,0,11,0,0,5,0,10
Closure_37,0,0,0,0,0,0,3,0,0,0,2,0,0,0,0,0
Closure_39,0,0,0,0,0,0,4,0,0,0,2,0,0,0,0,0
Closure_4,0,0,0,0,0,0,3,0,1,0,2,0,0,0,0,0
Closure_41,3,0,0,7,0,2,16,0,11,7,5,0,0,0,0,3
Closure_43,2,0,0,0,0,0,10,0,9,0,12,0,0,0,0,3
Closure_45,10,0,0,0,0,0,10,0,16,3,11,0,0,4,0,9
Closure_47,0,0,0,0,0,0,10,0,2,5,2,0,0,0,0,1
Closure_49,0,0,0,0,0,0,11,0,3,0,5,0,0,0,0,0
Closure_50,6,0,0,0,0,0,13,0,2,0,15,0,0,4,0,11
Closure_51,2,0,0,0,0,0,8,0,1,3,8,0,0,0,0,3
Closure_53,1,0,0,0,0,0,7,0,1,1,4,0,0,1,0,2
Closure_54,3,0,0,3,0,0,12,0,7,3,4,0,1,0,0,2
Closure_6,3,0,0,0,0,0,11,0,7,3,9,0,0,1,0,3
Closure_60,3,0,0,0,0,0,20,0,7,7,7,0,0,0,0,5
Closure_64,2,1,4,16,0,0,22,0,12,0,2,0,0,0,0,11
Closure_68,1,0,0,0,0,0,12,0,6,2,6,0,0,0,0,2
Closure_72,2,0,0,6,0,0,11,0,4,0,5,0,0,0,0,7
Closure_74,6,0,0,0,0,0,4,0,1,2,15,0,0,1,0,7
Closure_76,0,0,0,0,0,0,4,0,0,0,2,0,0,0,0,0
Closure_79,1,0,0,1,0,0,7,0,2,1,4,0,0,0,0,0
Closure_80,0,0,0,0,0,0,4,0,0,0,2,0,0,0,0,0
Closure_84,4,0,0,0,0,0,7,0,4,1,5,0,0,0,0,3
Closure_85,0,0,0,0,0,0,4,0,0,0,2,0,0,0,0,0
Closure_89,4,0,0,13,0,0,14,0,3,2,7,0,0,1,0,8
Closure_9,7,0,0,5,0,0,8,0,2,2,7,0,0,0,0,3
Closure_90,8,0,0,0,0,0,13,0,10,0,14,0,0,1,0,12
Closure_98,1,0,0,0,0,0,4,0,0,0,2,0,0,0,0,0
Closure_99,0,0,0,0,0,0,4,0,0,0,2,0,0,0,0,0
Codec_1,2,0,0,0,0,0,12,0,4,2,8,0,0,1,0,3
Codec_11,6,0,2,7,0,0,7,0,2,3,9,0,1,1,0,4
Codec_12,6,0,0,3,0,0,13,0,6,0,11,0,0,1,0,5
Codec_13,8,0,1,13,0,0,4,0,0,2,7,0,0,0,0,3
Codec_14,9,0,1,12,0,0,10,0,4,11,6,0,0,0,0,5
Codec_6,4,0,0,22,0,1,11,0,2,3,13,0,0,3,0,10
Codec_8,4,0,4,17,0,1,19,0,5,1,9,0,0,1,0,9
Collections_25,1,0,0,8,0,0,8,0,2,0,5,0,0,2,0,2
Compress_10,2,0,2,17,0,0,10,0,5,11,7,0,0,0,0,9
Compress_11,2,0,0,11,0,0,9,0,2,0,9,0,0,0,0,1
Compress_2,3,0,0,2,0,0,8,0,0,12,13,0,1,2,0,16
Compress_20,2,0,0,1,0,0,13,0,2,5,11,0,1,2,0,3
Compress_22,4,0,0,5,0,0,5,0,2,0,6,0,0,0,0,8
Compress_29,3,0,1,3,0,0,10,1,2,10,6,0,0,0,0,10
Compress_33,1,0,1,0,0,0,10,0,7,3,6,0,0,1,0,3
Compress_34,16,0,0,0,0,0,6,0,2,1,13,0,1,2,0,19
Compress_35,8,0,1,5,0,0,13,0,4,7,7,0,1,1,0,5
Compress_39,6,0,1,4,0,0,4,0,2,0,5,0,0,1,0,3
Compress_4,2,0,0,0,0,0,14,0,9,1,4,0,0,0,0,17
Compress_40,6,0,0,18,0,0,9,0,1,0,9,0,0,5,0,7
Compress_42,2,0,0,0,0,0,5,0,2,3,4,0,0,0,0,1
Compress_43,1,0,0,0,0,0,7,0,5,1,7,0,0,0,0,3
Compress_47,9,0,1,0,0,0,13,0,6,2,10,0,0,0,0,7
Compress_6,1,0,0,0,0,0,6,0,0,3,4,0,0,0,0,4
Compress_9,8,0,3,23,2,0,12,1,1,17,9,0,0,0,0,15
Csv_13,3,0,1,0,0,0,10,0,2,3,8,0,0,0,0,8
Csv_16,11,0,0,7,0,0,8,0,0,4,4,0,0,0,0,11
Csv_7,4,0,0,13,0,0,10,0,3,13,8,0,0,0,0,7
Csv_8,1,0,0,0,0,0,5,0,0,1,4,0,0,0,0,1
Gson_1,2,0,0,9,0,0,13,0,2,1,8,0,0,0,0,6
Gson_3,3,0,0,0,0,0,10,0,2,5,7,0,0,0,0,4
Gson_4,3,0,0,2,0,1,21,0,5,4,12,0,1,3,0,14
Gson_7,3,0,0,2,0,0,16,0,10,0,10,0,0,0,0,2
Gson_8,10,0,1,29,0,0,7,0,5,1,14,0,0,8,0,15
Gson_9,5,0,0,6,0,0,14,0,5,2,11,0,1,3,0,9
JacksonCore_1,2,0,9,27,7,0,12,1,3,8,8,0,2,0,0,18
JacksonCore_10,3,0,1,2,0,0,12,0,7,15,8,0,0,1,0,6
JacksonCore_12,6,0,0,0,0,0,10,0,10,0,4,0,0,1,0,5
JacksonCore_16,3,0,0,9,0,0,10,0,2,1,9,0,0,0,1,11
JacksonCore_17,3,0,0,11,0,0,7,0,8,13,5,0,1,2,0,3
JacksonCore_18,12,0,1,23,0,0,10,0,5,10,12,0,0,0,0,10
JacksonCore_19,16,0,0,6,0,0,10,0,2,3,8,0,0,0,0,18
JacksonCore_2,8,0,1,2,0,0,15,0,9,2,15,0,1,3,0,11
JacksonCore_21,2,0,0,10,0,0,6,0,2,16,7,0,0,1,0,2
JacksonCore_22,4,0,0,3,0,0,10,0,4,4,9,0,1,2,0,8
JacksonCore_24,3,0,0,4,0,0,11,0,2,8,7,0,0,1,0,2
JacksonCore_9,1,0,0,0,0,0,5,0,1,1,5,0,0,0,0,1
JacksonDatabind_10,4,0,0,16,0,0,21,0,8,3,6,0,0,5,0,10
JacksonDatabind_103,5,0,2,30,2,1,24,0,14,0,8,0,1,10,0,22
JacksonDatabind_104,3,0,0,10,0,0,4,0,0,2,7,0,0,0,0,6
JacksonDatabind_105,2,0,0,25,0,0,21,0,13,10,9,0,2,3,0,9
JacksonDatabind_108,0,0,0,0,0,0,1,0,0,0,2,0,0,0,0,0
JacksonDatabind_109,1,0,0,0,0,0,5,0,1,0,4,0,0,0,0,0
JacksonDatabind_110,1,0,0,8,0,0,6,0,3,1,7,0,0,0,0,7
JacksonDatabind_111,7,0,0,22,0,0,9,0,1,0,11,0,0,6,0,10
JacksonDatabind_13,1,0,0,13,0,0,5,0,4,9,5,0,0,0,0,3
JacksonDatabind_14,5,0,0,17,0,0,3,0,2,1,11,0,0,0,0,6
JacksonDatabind_15,2,0,0,0,0,0,6,0,1,2,4,0,0,1,0,2
JacksonDatabind_18,3,0,0,13,0,0,13,0,2,8,6,0,0,3,0,9
JacksonDatabind_20,1,0,0,0,0,0,13,0,9,0,4,0,0,0,0,2
JacksonDatabind_21,6,0,2,21,0,0,18,0,10,2,6,0,0,1,0,10
JacksonDatabind_23,0,0,0,3,0,0,3,0,1,0,3,0,0,0,0,0
JacksonDatabind_25,15,1,0,33,0,0,24,0,9,2,11,0,0,2,0,16
JacksonDatabind_29,8,0,2,2,0,0,15,0,4,1,15,0,0,2,0,14
JacksonDatabind_3,2,0,0,11,0,0,4,0,2,0,9,0,0,0,0,1
JacksonDatabind_30,6,0,1,19,0,0,24,0,10,10,11,0,1,0,0,16
JacksonDatabind_31,0,0,0,0,0,0,5,0,0,1,4,0,0,0,0,0
JacksonDatabind_32,0,0,0,0,0,0,4,0,1,1,4,0,0,0,0,0
JacksonDatabind_36,8,0,0,1,0,0,4,0,2,0,7,0,0,0,0,5
JacksonDatabind_38,5,0,0,26,0,1,18,0,6,0,9,0,0,3,0,13
JacksonDatabind_4,8,0,0,4,0,0,9,0,5,2,9,0,1,1,0,8
JacksonDatabind_41,5,0,1,23,0,0,18,0,3,2,7,0,0,4,0,10
JacksonDatabind_43,0,0,0,1,0,0,2,0,0,1,2,0,0,0,0,0
JacksonDatabind_48,3,0,1,18,0,0,11,0,4,6,8,0,1,0,0,7
JacksonDatabind_50,0,0,0,0,0,0,3,0,1,0,4,0,0,0,0,0
JacksonDatabind_52,6,0,0,5,0,0,15,0,4,2,9,0,0,4,0,14
JacksonDatabind_53,4,0,1,26,0,0,18,0,9,4,9,0,1,10,0,7
JacksonDatabind_54,6,0,0,12,0,0,9,0,2,4,10,0,0,0,0,15
JacksonDatabind_55,0,0,0,0,0,0,3,0,0,0,2,0,0,0,0,0
JacksonDatabind_59,5,0,0,15,0,0,10,0,9,4,10,0,0,0,0,8
JacksonDatabind_6,5,0,0,0,0,0,8,0,1,3,16,0,0,0,0,10
JacksonDatabind_60,1,0,0,0,0,0,5,0,2,0,4,0,0,0,0,0
JacksonDatabind_61,8,0,1,8,0,0,12,0,5,2,3,0,0,0,0,7
JacksonDatabind_65,1,0,0,0,0,0,3,0,0,1,3,0,0,0,0,0
JacksonDatabind_66,4,0,1,13,0,0,12,0,5,1,11,0,0,1,0,8
JacksonDatabind_68,3,3,2,12,0,0,14,0,8,0,4,0,0,0,0,9
JacksonDatabind_69,2,2,0,15,0,0,11,0,4,5,1,0,1,0,0,7
JacksonDatabind_72,5,0,0,12,0,0,12,0,8,1,4,0,1,3,0,4
JacksonDatabind_73,6,0,0,28,0,0,24,0,13,1,12,0,0,7,0,15
JacksonDatabind_75,4,0,0,1,0,0,3,0,1,0,4,0,0,0,0,1
JacksonDatabind_77,3,0,0,10,0,0,12,0,9,4,6,0,0,1,0,3
JacksonDatabind_78,3,0,0,0,0,0,17,0,15,6,7,0,0,0,0,8
JacksonDatabind_79,3,0,0,16,0,0,16,0,10,1,9,0,0,2,0,4
JacksonDatabind_8,0,0,0,0,0,0,2,0,0,0,3,0,0,0,0,0
JacksonDatabind_80,0,0,0,4,0,0,2,0,0,0,4,0,0,0,0,0
JacksonDatabind_81,0,0,0,0,0,0,4,0,0,1,4,0,0,0,0,0
JacksonDatabind_87,2,0,0,6,0,0,10,0,1,0,4,0,0,0,0,1
JacksonDatabind_90,1,0,0,4,0,0,6,0,1,2,3,0,0,0,0,2
JacksonDatabind_94,3,0,0,10,0,0,11,0,2,0,8,0,0,0,0,7
JacksonDatabind_95,5,0,0,4,0,0,12,0,3,0,12,0,0,3,0,5
JacksonXml_1,1,0,0,4,0,2,16,0,3,1,8,0,0,0,0,6
JacksonXml_2,3,0,0,16,0,0,14,0,7,1,5,0,0,3,0,9
Jsoup_11,2,0,0,9,0,0,12,0,2,11,8,0,0,0,0,7
Jsoup_12,10,0,0,5,0,0,14,0,4,2,7,0,0,3,0,14
Jsoup_14,14,0,0,23,0,0,18,0,4,10,9,0,0,2,0,14
Jsoup_16,13,0,2,0,0,0,9,0,1,0,12,0,0,5,0,11
Jsoup_18,19,0,0,26,0,0,11,0,0,10,8,0,0,1,0,10
Jsoup_21,6,0,1,0,0,0,10,0,6,2,12,0,0,0,0,6
Jsoup_22,7,0,5,1,6,0,21,0,11,8,7,0,4,5,0,25
Jsoup_23,3,0,1,9,0,0,6,0,2,8,5,0,0,1,0,4
Jsoup_28,6,0,0,17,0,0,14,0,8,11,11,0,1,0,1,9
Jsoup_29,10,0,1,0,0,1,13,0,3,5,7,0,0,1,0,8
Jsoup_3,0,0,0,0,0,0,0,0,0,1,0,0,0,0,0,0
Jsoup_31,1,0,0,0,0,0,12,0,1,11,2,0,0,0,0,0
Jsoup_36,11,0,1,19,0,0,17,0,2,1,11,0,0,2,0,8
Jsoup_4,7,1,0,8,0,0,6,0,0,3,7,0,0,0,0,2
Jsoup_50,7,0,0,3,0,0,9,0,1,2,11,0,0,3,0,7
Jsoup_52,27,0,0,27,0,0,26,0,3,4,10,0,2,0,0,20
Jsoup_59,6,0,0,10,0,0,12,0,7,3,9,0,0,0,0,5
Jsoup_60,6,0,0,22,0,0,12,0,3,3,11,0,0,2,0,8
Jsoup_63,7,0,0,13,0,0,16,0,3,10,12,0,0,0,0,8
Jsoup_65,9,0,1,2,0,0,13,0,8,4,10,0,0,1,0,5
Jsoup_66,34,0,0,41,0,0,17,0,21,1,10,0,0,3,0,22
Jsoup_67,2,0,0,15,0,0,20,0,6,0,7,0,2,2,0,24
Jsoup_7,42,0,0,1,0,0,10,0,6,1,10,0,0,0,0,26
Jsoup_71,9,0,2,5,0,0,24,0,6,5,9,0,2,0,0,14
Jsoup_73,7,0,0,22,0,0,10,0,1,1,11,0,0,4,0,24
Jsoup_74,18,0,0,23,0,0,17,0,5,3,7,0,0,0,0,16
Jsoup_78,3,0,0,1,0,0,8,0,0,11,6,0,0,0,0,1
Jsoup_81,9,0,0,17,0,0,11,0,5,1,4,0,0,6,0,8
Jsoup_83,7,0,0,3,0,0,11,0,5,8,6,0,0,1,0,3
Jsoup_87,8,0,0,20,0,1,19,0,8,12,13,0,0,2,0,13
Jsoup_91,0,0,0,0,0,0,1,0,0,0,0,0,0,0,0,0
Jsoup_92,9,0,0,10,0,0,27,0,7,1,4,0,0,4,0,19
JxPath_1,13,1,0,0,0,0,14,0,6,4,7,1,1,4,0,8
JxPath_11,6,0,0,17,0,0,14,0,6,1,11,0,0,0,0,10
JxPath_13,1,0,0,0,0,0,10,0,2,4,5,0,0,0,0,2
JxPath_16,1,0,0,0,0,0,9,0,2,6,8,0,0,0,0,3
JxPath_17,7,1,0,0,0,0,9,0,3,3,12,0,0,0,0,6
JxPath_18,5,0,0,2,0,0,12,0,6,1,10,0,1,0,0,3
JxPath_19,4,0,0,15,0,0,8,0,5,3,8,0,0,0,0,5
JxPath_2,4,0,0,3,0,0,15,0,3,5,7,0,0,0,0,8
JxPath_20,22,0,0,0,0,0,14,0,3,1,9,0,0,5,0,9
JxPath_3,4,0,0,10,0,0,8,0,4,4,7,0,0,0,0,6
JxPath_4,2,0,0,0,0,0,15,0,3,4,6,0,0,0,0,5
JxPath_7,1,0,1,7,0,0,12,0,4,1,3,0,0,0,0,8
JxPath_9,10,0,2,18,0,0,12,0,1,0,7,0,1,4,0,5
Lang_15,2,0,0,10,0,0,8,0,2,2,8,0,0,0,0,10
Lang_19,16,0,0,18,0,0,9,0,1,0,12,0,0,1,0,11
Lang_20,1,0,0,0,0,0,6,0,2,1,6,0,0,0,0,4
Lang_23,2,0,0,9,0,0,6,0,3,1,6,0,0,0,0,2
Lang_30,5,0,0,8,0,0,13,0,5,2,2,0,0,0,0,5
Lang_32,5,0,0,0,0,0,11,0,5,0,11,0,0,2,0,11
Lang_34,3,0,0,0,0,0,11,0,1,1,4,0,0,2,0,9
Lang_35,7,1,0,5,0,0,6,0,1,0,5,0,0,0,0,2
Lang_4,0,0,0,0,0,0,7,0,0,3,5,0,0,3,0,4
Lang_41,4,0,0,8,0,0,7,0,6,0,5,0,0,0,0,6
Lang_46,11,0,3,6,2,0,11,2,4,1,11,0,1,1,0,15
Lang_47,3,0,4,9,0,0,12,1,3,2,8,0,0,2,0,16
Lang_5,12,0,0,4,0,0,12,0,2,0,8,0,0,0,0,7
Lang_56,1,0,3,0,0,0,13,1,5,3,6,0,2,0,0,13
Lang_60,1,0,0,0,0,0,8,0,6,1,5,0,0,0,0,4
Lang_62,6,1,0,22,0,0,11,0,8,0,12,0,2,3,0,6
Lang_63,28,0,0,34,0,0,4,0,1,7,13,0,0,2,0,20
Lang_64,3,0,1,0,0,0,9,0,3,0,5,0,0,2,0,5
Lang_65,2,0,1,13,5,1,11,0,2,13,5,0,0,0,0,8
Lang_7,1,0,0,5,0,0,4,0,2,11,4,0,0,0,0,2
Math_1,5,0,5,9,0,1,14,0,1,0,3,0,0,1,0,10
Math_100,1,0,0,8,0,0,8,0,2,2,7,0,0,0,0,6
Math_106,3,0,0,10,0,1,12,0,1,8,6,0,0,0,0,6
Math_14,4,0,0,3,0,0,8,0,2,3,7,0,0,0,0,2
Math_15,1,0,0,6,0,0,4,0,3,1,3,0,0,2,0,1
Math_16,3,0,3,24,0,0,11,0,5,1,4,0,3,0,0,13
Math_18,4,0,3,3,0,2,8,0,3,0,10,0,0,0,0,10
Math_21,4,0,0,9,0,0,11,0,4,2,10,0,1,7,0,11
Math_22,3,0,1,0,0,0,16,0,1,2,7,0,0,2,0,17
Math_23,3,0,0,1,0,0,4,0,2,0,6,0,0,0,0,3
Math_24,5,0,8,7,0,0,19,1,5,2,8,0,0,0,0,21
Math_26,23,1,0,24,0,0,4,0,2,1,8,0,0,0,0,14
Math_28,2,0,1,15,0,1,11,0,2,3,8,0,1,1,0,6
Math_29,2,0,0,2,0,0,7,0,2,1,6,0,0,0,0,2
Math_35,1,0,0,0,0,0,4,0,0,1,6,0,0,0,0,2
Math_36,5,0,2,10,0,1,17,0,8,0,10,0,2,3,0,10
Math_37,0,0,0,0,0,0,5,0,0,1,2,0,0,0,0,0
Math_38,5,0,0,18,0,0,14,0,2,0,11,0,0,2,0,9
Math_4,6,0,2,9,2,1,11,0,1,2,9,0,0,1,0,12
Math_44,3,1,1,17,0,1,11,0,0,3,9,0,0,3,0,15
Math_46,1,0,0,2,0,0,12,0,9,0,6,0,0,0,0,5
Math_47,3,0,0,11,0,0,8,0,7,0,8,0,0,0,0,3
Math_49,3,0,1,0,0,0,5,0,3,0,4,0,0,0,0,2
Math_52,2,0,0,1,0,0,4,0,0,2,5,0,0,0,0,2
Math_54,8,0,0,2,0,0,7,0,0,2,12,0,0,0,0,7
Math_55,3,0,0,18,0,0,8,0,5,2,10,0,0,5,0,6
Math_6,8,0,0,18,0,0,19,0,6,5,9,0,1,0,0,15
Math_61,5,0,0,0,0,0,13,0,6,1,4,0,2,6,0,7
Math_65,1,0,0,0,0,0,6,0,1,0,4,0,0,0,0,1
Math_66,6,0,1,20,0,0,31,0,8,4,16,0,3,12,0,18
Math_68,3,0,0,0,0,0,5,0,2,2,11,0,0,3,0,3
Math_7,3,0,0,0,0,0,10,0,3,1,8,0,0,2,0,3
Math_71,2,0,0,6,0,0,14,0,1,7,4,0,0,0,0,6
Math_72,3,0,0,11,0,0,3,0,4,0,8,0,1,0,0,4
Math_76,5,0,0,0,0,0,9,0,0,4,17,0,0,1,0,4
Math_77,1,0,0,5,0,0,16,0,4,0,5,0,0,0,0,5
Math_78,1,0,0,0,0,0,4,0,1,1,4,0,0,3,0,3
Math_83,7,1,1,23,0,0,13,0,3,0,11,0,0,4,0,12
Math_84,2,0,0,0,0,0,5,0,2,0,5,0,0,0,0,2
Math_86,3,0,0,0,0,0,4,0,1,1,8,0,0,0,0,3
Math_90,1,0,0,7,0,0,5,0,0,2,6,0,1,0,0,8
Math_92,9,0,0,3,0,0,10,0,6,2,11,0,3,0,0,13
Math_93,4,0,1,9,0,0,8,0,0,3,5,0,1,0,0,10
Math_98,8,0,1,33,0,1,10,0,10,3,11,0,2,2,0,14
Math_99,17,0,0,25,0,2,13,0,4,4,11,0,0,0,0,13
Mockito_10,2,0,0,15,0,0,9,0,5,1,14,0,0,1,0,5
Mockito_14,0,0,0,0,0,0,1,0,0,0,1,0,0,0,0,0
Mockito_15,2,0,0,0,0,0,15,0,3,0,9,0,0,0,0,7
Mockito_16,7,0,0,3,0,0,4,0,1,2,1,0,0,0,0,0
Mockito_17,7,0,0,6,0,0,12,0,2,5,4,0,0,0,0,9
Mockito_19,3,0,0,10,0,0,19,0,4,4,7,0,0,0,0,6
Mockito_2,4,0,0,11,0,0,18,0,9,1,5,0,0,1,0,11
Mockito_20,6,0,0,16,0,0,16,0,7,3,9,0,0,0,0,16
Mockito_21,1,0,0,11,0,0,9,0,3,0,10,0,0,0,0,3
Mockito_23,8,0,2,20,0,0,15,0,9,6,9,0,1,2,0,8
Mockito_25,8,0,0,19,0,0,10,0,1,12,8,0,0,2,0,8
Mockito_3,2,0,0,0,0,0,15,0,2,4,9,0,0,0,0,3
Mockito_30,5,0,0,18,0,0,12,0,2,6,12,0,0,0,0,10
Mockito_31,0,0,0,0,0,0,7,0,3,5,2,0,0,0,0,0
Mockito_32,3,0,0,0,0,0,14,0,2,1,7,0,0,0,0,3
Mockito_35,8,0,0,13,0,0,14,0,0,8,6,0,0,2,0,9
Mockito_4,1,0,0,0,0,0,12,0,4,5,6,0,0,0,0,2
Mockito_6,6,0,2,12,0,0,23,0,7,3,15,0,0,5,0,39
Time_1,7,0,0,8,0,0,11,0,3,10,4,0,0,0,0,4
Time_10,4,0,1,19,0,0,12,0,12,2,8,0,0,0,0,6
Time_12,1,0,1,5,0,0,11,0,5,1,3,0,0,0,0,7
Time_13,8,0,1,11,0,0,16,0,3,2,6,0,0,0,0,7
Time_2,12,1,1,0,0,0,13,0,7,0,11,0,0,6,0,6
Time_23,10,2,2,21,0,0,12,0,6,0,11,0,0,1,0,7
Time_26,2,0,1,11,0,0,12,0,13,1,11,0,0,0,0,11
Time_3,6,0,1,15,0,0,11,0,2,11,7,0,0,2,0,15
Time_6,14,0,1,0,0,0,15,0,5,3,8,0,0,0,0,10
Time_9,2,0,0,7,0,0,10,0,3,0,5,0,0,0,0,2
