bug,function_name,count,command
Chart-14,maple_find_method_in_file,3,
Chart-14,read_file,16,
Chart-14,replace,10,
Chart-14,run_shell_command,1,./run_all_tests_trace.sh
Chart-14,run_shell_command,2,./run_bug_exposing_tests.sh
Chart-14,run_shell_command,4,defects4j compile
Chart-14,run_shell_command,1,defects4j test
Chart-14,run_shell_command,1,defects4j test -t org.jfree.data.time.junit.MonthTests::testParseMonth
Chart-14,run_shell_command,1,git diff > /Users/danielding/Desktop/example_dir/Chart_14/fix.patch
Chart-25,glob,1,
Chart-25,maple_find_class,3,
Chart-25,maple_find_method,1,
Chart-25,read_file,6,
Chart-25,replace,14,
Chart-25,run_shell_command,1,./run_bug_exposing_tests.sh
Chart-25,run_shell_command,6,defects4j compile
Chart-25,run_shell_command,5,defects4j test
Chart-25,run_shell_command,2,defects4j test -t org.jfree.data.time.junit.MonthTests::testParseMonth
Chart-25,run_shell_command,1,git diff
Cli-14,glob,2,
Cli-14,maple_find_class,5,
Cli-14,maple_find_method_in_class,10,
Cli-14,read_file,3,
Cli-14,read_many_files,1,
Cli-14,replace,12,
Cli-14,run_shell_command,1,./run_bug_exposing_tests.sh
Cli-14,run_shell_command,5,defects4j compile
Cli-14,run_shell_command,1,defects4j export -p cp.compile
Cli-14,run_shell_command,5,defects4j test
Cli-14,run_shell_command,1,git diff
Cli-14,run_shell_command,1,java -cp /Users/danielding/Desktop/example_dir/Cli_14/target/classes:/Users/danielding/Desktop/example_dir/Cli_14/target/lib/commons-lang/jars/commons-lang-2.1.jar:/Users/danielding/Desktop/example_dir/Cli_14/target/lib/junit/jars/junit-3.8.1.jar:/Users/danielding/Desktop/example_dir/Cli_14/target/lib/jdepend/jars/jdepend-2.5.jar org.apache.commons.cli2.issues.CLI2Sample --file-name path-to-an-existing-file
Cli-14,write_file,1,
Cli-23,glob,1,
Cli-23,maple_extract_class_skeleton,1,
Cli-23,maple_find_class,1,
Cli-23,maple_find_class_in_file,2,
Cli-23,maple_find_method_in_class,4,
Cli-23,read_file,6,
Cli-23,replace,2,
Cli-23,run_shell_command,2,./run_bug_exposing_tests.sh
Cli-23,run_shell_command,3,defects4j compile
Cli-23,run_shell_command,1,defects4j test
Cli-23,run_shell_command,1,defects4j test -t org.apache.commons.cli.bug.BugCLI162Test
Cli-23,run_shell_command,2,defects4j test -t org.apache.commons.cli.bug.BugCLI162Test::testInfiniteLoop
Cli-23,run_shell_command,1,git diff
Cli-31,maple_find_class,3,
Cli-31,maple_find_code_in_file,4,
Cli-31,maple_find_method_in_class,5,
Cli-31,read_file,17,
Cli-31,replace,6,
Cli-31,run_shell_command,2,./run_all_tests_trace.sh
Cli-31,run_shell_command,7,./run_bug_exposing_tests.sh
Cli-31,run_shell_command,5,defects4j compile
Cli-31,run_shell_command,1,git diff
Closure-108,list_directory,1,
Closure-108,read_file,5,
Closure-108,run_shell_command,2,./run_bug_exposing_tests.sh
Closure-108,run_shell_command,1,defects4j compile
Closure-110,glob,1,
Closure-110,maple_find_class,2,
Closure-110,read_file,9,
Closure-110,replace,17,
Closure-110,run_shell_command,1,./run_bug_exposing_tests.sh
Closure-110,run_shell_command,1,ant clean
Closure-110,run_shell_command,1,defects4j clean
Closure-110,run_shell_command,16,defects4j compile
Closure-110,run_shell_command,13,defects4j test
Closure-110,run_shell_command,1,rm -rf /Users/danielding/Desktop/example_dir/Closure_110/build
Closure-135,glob,2,
Closure-135,maple_find_class,6,
Closure-135,maple_find_code,1,
Closure-135,maple_find_code_in_file,1,
Closure-135,maple_find_method,2,
Closure-135,maple_find_method_in_class,1,
Closure-135,maple_find_method_in_file,3,
Closure-135,read_file,15,
Closure-135,replace,42,
Closure-135,run_shell_command,2,./run_bug_exposing_tests.sh
Closure-135,run_shell_command,28,defects4j compile
Closure-135,run_shell_command,13,defects4j test
Closure-135,run_shell_command,1,defects4j test -t com.google.javascript.jscomp.TypeCheckTest::testGoodExtends9
Closure-143,maple_find_class,1,
Closure-143,maple_find_method,3,
Closure-143,read_file,11,
Closure-143,replace,3,
Closure-143,run_shell_command,5,./run_bug_exposing_tests.sh
Closure-143,run_shell_command,4,defects4j compile
Closure-143,run_shell_command,1,defects4j test
Closure-143,run_shell_command,1,git diff
Closure-144,glob,10,
Closure-144,maple_find_code,1,
Closure-144,maple_find_code_in_file,6,
Closure-144,maple_find_method,1,
Closure-144,maple_find_method_in_class,6,
Closure-144,read_file,18,
Closure-144,replace,71,
Closure-144,run_shell_command,1,./run_bug_exposing_tests.sh
Closure-144,run_shell_command,12,defects4j compile
Closure-144,run_shell_command,6,defects4j test
Closure-144,run_shell_command,4,defects4j test -t com.google.javascript.jscomp.TypedScopeCreatorTest::testReturnTypeInference1
Closure-162,glob,1,
Closure-162,maple_find_class,2,
Closure-162,read_file,6,
Closure-162,replace,33,
Closure-162,run_shell_command,1,./run_bug_exposing_tests.sh
Closure-162,run_shell_command,21,defects4j compile
Closure-162,run_shell_command,16,defects4j test
Closure-162,write_file,4,
Closure-167,glob,1,
Closure-167,maple_find_class,2,
Closure-167,maple_find_method_in_class,1,
Closure-167,read_file,20,
Closure-167,replace,23,
Closure-167,run_shell_command,11,./run_bug_exposing_tests.sh
Closure-167,run_shell_command,12,defects4j compile
Closure-167,run_shell_command,1,defects4j test
Closure-169,glob,2,
Closure-169,maple_find_class,9,
Closure-169,maple_find_code,1,
Closure-169,maple_find_method_in_class,1,
Closure-169,read_file,17,
Closure-169,replace,25,
Closure-169,run_shell_command,1,./run_bug_exposing_tests.sh
Closure-169,run_shell_command,1,defects4j compile
Closure-169,run_shell_command,10,defects4j test
Closure-169,run_shell_command,2,defects4j test -t com.google.javascript.jscomp.TypeCheckTest::testFunctionReturnUndefinedToUnknown
Closure-169,run_shell_command,4,defects4j test -t com.google.javascript.jscomp.TypeCheckTest::testIssue791
Closure-169,search_file_content,2,
Closure-21,glob,3,
Closure-21,maple_find_method,1,
Closure-21,maple_find_method_in_class,2,
Closure-21,maple_find_method_in_file,1,
Closure-21,read_file,16,
Closure-21,replace,23,
Closure-21,run_shell_command,1,./run_bug_exposing_tests.sh
Closure-21,run_shell_command,20,defects4j compile
Closure-21,run_shell_command,18,defects4j test
Closure-21,run_shell_command,1,defects4j test -t com.google.javascript.jscomp.CheckSideEffectsTest
Closure-21,run_shell_command,8,git checkout /Users/danielding/Desktop/example_dir/Closure_21/src/com/google/javascript/jscomp/CheckSideEffects.java
Closure-47,glob,3,
Closure-47,read_file,32,
Closure-47,replace,48,
Closure-47,run_shell_command,22,./run_bug_exposing_tests.sh
Closure-47,run_shell_command,22,defects4j compile
Closure-47,run_shell_command,1,defects4j export -p cp.test
Closure-47,search_file_content,1,
Closure-53,maple_find_class,1,
Closure-53,maple_find_method_in_class,2,
Closure-53,read_file,6,
Closure-53,replace,1,
Closure-53,run_shell_command,2,./run_bug_exposing_tests.sh
Closure-53,run_shell_command,2,defects4j compile
Closure-53,run_shell_command,1,defects4j export -p cp.test
Closure-53,run_shell_command,1,defects4j test
Closure-53,run_shell_command,1,"find /Users/danielding/Desktop/example_dir/Closure_53/build/test -name ""InlineObjectLiteralsTest.class"""
Closure-53,run_shell_command,1,git diff
Closure-53,write_file,1,
Closure-54,glob,2,
Closure-54,maple_find_class,7,
Closure-54,read_file,12,
Closure-54,replace,21,
Closure-54,run_shell_command,1,./run_bug_exposing_tests.sh
Closure-54,run_shell_command,18,defects4j compile
Closure-54,run_shell_command,16,defects4j test
Closure-54,run_shell_command,1,git checkout /Users/danielding/Desktop/example_dir/Closure_54/src/com/google/javascript/jscomp/TypedScopeCreator.java
Closure-54,search_file_content,2,
Closure-68,glob,2,
Closure-68,maple_find_class,2,
Closure-68,maple_find_method_in_class,1,
Closure-68,maple_find_method_in_file,1,
Closure-68,read_file,14,
Closure-68,replace,10,
Closure-68,run_shell_command,2,./run_bug_exposing_tests.sh
Closure-68,run_shell_command,6,defects4j compile
Closure-68,run_shell_command,3,defects4j test
Closure-68,run_shell_command,5,defects4j test -t com.google.javascript.jscomp.parsing.JsDocInfoParserTest::testIssue477
Closure-68,run_shell_command,1,git diff > /Users/danielding/Desktop/example_dir/Closure_68/fix_closure_68.patch
Closure-68,search_file_content,4,
Closure-75,glob,1,
Closure-75,maple_find_class,1,
Closure-75,maple_find_method,1,
Closure-75,maple_find_method_in_class,1,
Closure-75,read_file,6,
Closure-75,replace,62,
Closure-75,run_shell_command,1,./run_bug_exposing_tests.sh
Closure-75,run_shell_command,31,defects4j compile
Closure-75,run_shell_command,1,defects4j test
Closure-75,run_shell_command,30,defects4j test -t com.google.javascript.jscomp.PeepholeFoldConstantsTest::testIEString
Closure-90,glob,2,
Closure-90,maple_find_class,1,
Closure-90,read_file,16,
Closure-90,replace,43,
Closure-90,run_shell_command,1,./run_all_tests_trace.sh
Closure-90,run_shell_command,2,./run_bug_exposing_tests.sh
Closure-90,run_shell_command,2,defects4j compile
Closure-90,run_shell_command,20,defects4j test
Closure-90,search_file_content,10,
Closure-99,glob,1,
Closure-99,maple_find_class,1,
Closure-99,read_file,11,
Closure-99,replace,80,
Closure-99,run_shell_command,1,./run_bug_exposing_tests.sh
Closure-99,run_shell_command,50,defects4j compile
Closure-99,run_shell_command,21,defects4j test
Closure-99,run_shell_command,1,defects4j test -t com.google.javascript.jscomp.CheckGlobalThisTest
Closure-99,run_shell_command,1,defects4j test -t com.google.javascript.jscomp.CheckGlobalThisTest::testInterface1
Closure-99,run_shell_command,1,defects4j test -t com.google.javascript.jscomp.CheckGlobalThisTest::testMethod4
Closure-99,run_shell_command,23,defects4j test -t com.google.javascript.jscomp.CheckGlobalThisTest::testPropertyOfMethod
Codec-13,list_directory,1,
Codec-13,maple_find_method,3,
Codec-13,read_file,5,
Codec-13,replace,1,
Codec-13,run_shell_command,3,./run_bug_exposing_tests.sh
Codec-13,run_shell_command,2,defects4j compile
Codec-13,run_shell_command,1,defects4j test
Codec-13,run_shell_command,1,git diff HEAD
Compress-33,glob,4,
Compress-33,google_web_search,1,zlib header format
Compress-33,maple_find_class,3,
Compress-33,maple_find_method,1,
Compress-33,maple_find_method_in_class,1,
Compress-33,read_file,11,
Compress-33,replace,5,
Compress-33,run_shell_command,1,./run_all_tests_trace.sh
Compress-33,run_shell_command,1,./run_bug_exposing_tests.sh
Compress-33,run_shell_command,5,defects4j compile
Compress-33,run_shell_command,1,defects4j export -p cp.test
Compress-33,run_shell_command,2,defects4j test
Compress-33,run_shell_command,2,defects4j test -t org.apache.commons.compress.compressors.DetectCompressorTestCase::testDetection
Compress-33,run_shell_command,1,defects4j test -t org.apache.commons.compress.compressors.DetectCompressorTestCase::testDetection > test_debug_output.log 2>&1
Compress-33,run_shell_command,1,defects4j test > defects4j_test_output.log 2>&1
Compress-33,run_shell_command,1,git diff
Compress-33,run_shell_command,2,java -cp /Users/danielding/Desktop/defects4j/framework/projects/Compress/lib/junit/junit/4.12/junit-4.12.jar:/Users/danielding/Desktop/defects4j/framework/projects/Compress/lib/org/hamcrest/hamcrest-core/1.3/hamcrest-core-1.3.jar:/Users/danielding/Desktop/defects4j/framework/projects/Compress/lib/org/tukaani/xz/1.5/xz-1.5.jar:/Users/danielding/Desktop/example_dir/Compress_33/target/classes:/Users/danielding/Desktop/example_dir/Compress_33/target/test-classes org.junit.runner.JUnitCore org.apache.commons.compress.compressors.DetectCompressorTestCase > debug_output_direct.log 2>&1
Compress-33,search_file_content,1,
Gson-1,glob,1,
Gson-1,maple_find_class,4,
Gson-1,maple_find_code,1,
Gson-1,maple_find_method_in_class,3,
Gson-1,read_file,11,
Gson-1,replace,10,
Gson-1,run_shell_command,1,./run_all_tests_trace.sh
Gson-1,run_shell_command,3,./run_bug_exposing_tests.sh
Gson-1,run_shell_command,7,defects4j compile
Gson-1,run_shell_command,5,defects4j test
Gson-1,run_shell_command,1,defects4j test -t com.google.gson.functional.DefaultTypeAdaptersTest::testDefaultDateDeserialization
Gson-1,run_shell_command,1,git diff > /Users/danielding/Desktop/example_dir/Gson_1/fix.patch
Gson-4,maple_find_code,2,
Gson-4,maple_find_method,6,
Gson-4,read_file,26,
Gson-4,replace,87,
Gson-4,run_shell_command,7,./run_bug_exposing_tests.sh
Gson-4,run_shell_command,14,defects4j compile
Gson-4,run_shell_command,1,defects4j test
Gson-4,run_shell_command,13,defects4j test -t com.google.gson.stream.JsonReaderTest::testTopLevelValueTypeWithSkipValue && defects4j test -t com.google.gson.stream.JsonReaderTest::testTopLevelValueTypes && defects4j test -t com.google.gson.stream.JsonWriterTest::testTopLevelValueTypes
Gson-4,run_shell_command,5,git restore gson/src/main/java/com/google/gson/stream/JsonReader.java
Gson-4,run_shell_command,2,git restore gson/src/main/java/com/google/gson/stream/JsonReader.java gson/src/main/java/com/google/gson/stream/JsonWriter.java
Gson-4,run_shell_command,1,git status
Gson-4,search_file_content,2,
Gson-9,glob,1,
Gson-9,maple_find_class,1,
Gson-9,maple_find_method_in_class,1,
Gson-9,maple_find_method_in_file,2,
Gson-9,read_file,4,
Gson-9,replace,5,
Gson-9,run_shell_command,1,./run_bug_exposing_tests.sh
Gson-9,run_shell_command,5,defects4j compile
Gson-9,run_shell_command,5,defects4j test
Gson-9,run_shell_command,1,git diff
JacksonCore-10,google_web_search,1,Defects4J add external jar to classpath for tests
JacksonCore-10,google_web_search,1,download jackson-annotations 2.6.1 jar
JacksonCore-10,google_web_search,1,download jackson-databind 2.6.1 jar
JacksonCore-10,maple_find_code,2,
JacksonCore-10,maple_find_method,6,
JacksonCore-10,read_file,15,
JacksonCore-10,replace,14,
JacksonCore-10,run_shell_command,1,./run_bug_exposing_tests.sh
JacksonCore-10,run_shell_command,1,/Users/danielding/Desktop/defects4j/major/bin/ant -f /Users/danielding/Desktop/example_dir/JacksonCore_10/build.xml compile.tests
JacksonCore-10,run_shell_command,1,"CP=$(cat classpath.txt) && java -cp ""${CP}"" org.junit.runner.JUnitCore com.fasterxml.jackson.core.sym.UTF8ByteStreamTest"
JacksonCore-10,run_shell_command,1,ant -f /Users/danielding/Desktop/example_dir/JacksonCore_10/build.xml compile.tests
JacksonCore-10,run_shell_command,1,curl -o /Users/danielding/Desktop/example_dir/JacksonCore_10/lib/jackson-annotations-2.6.1.jar https://repo1.maven.org/maven2/com/fasterxml/jackson/core/jackson-annotations/2.6.1/jackson-annotations-2.6.1.jar
JacksonCore-10,run_shell_command,1,defects4j classpath
JacksonCore-10,run_shell_command,8,defects4j compile
JacksonCore-10,run_shell_command,2,defects4j export -p cp.test -o classpath.txt
JacksonCore-10,run_shell_command,3,defects4j test
JacksonCore-10,run_shell_command,1,defects4j test -t com.fasterxml.jackson.core.sym.TestSymbolTables::testCollisionsWithBytesNew187b
JacksonCore-10,run_shell_command,1,"find /Users/danielding/Desktop/defects4j -name ""ant"" -type f"
JacksonCore-10,run_shell_command,1,"find /Users/danielding/Desktop/example_dir/JacksonCore_10/target/test-classes -name ""UTF8ByteStreamTest.class"""
JacksonCore-10,run_shell_command,1,git diff
JacksonCore-10,run_shell_command,1,"java -cp ""/Users/danielding/Desktop/defects4j/framework/projects/JacksonCore/lib/junit/junit/4.11/junit-4.11.jar:/Users/danielding/Desktop/defects4j/framework/projects/JacksonCore/lib/org/hamcrest/hamcrest-core/1.3/hamcrest-core-1.3.jar:/Users/danielding/Desktop/example_dir/JacksonCore_10/lib:/Users/danielding/Desktop/defects4j/framework/projects/JacksonCore/lib/com/fasterxml/jackson/core/jackson-databind/2.6.1/jackson-databind-2.6.1.jar:/Users/danielding/Desktop/example_dir/JacksonCore_10/target/classes:/Users/danielding/Desktop/example_dir/JacksonCore_10/target/test-classes:/Users/danielding/Desktop/defects4j/framework/projects/lib/junit-4.11.jar:/Users/danielding/Desktop/defects4j/framework/projects/JacksonCore/lib/junit/junit/4.12/junit-4.12.jar:/Users/danielding/Desktop/defects4j/framework/projects/JacksonCore/lib/junit/junit/4.8.2/junit-4.8.2.jar"" org.junit.runner.JUnitCore com.fasterxml.jackson.core.sym.TestSymbolTables > test_output.log 2>&1"
JacksonCore-10,run_shell_command,1,"java -cp ""/Users/danielding/Desktop/defects4j/framework/projects/JacksonCore/lib/junit/junit/4.11/junit-4.11.jar:/Users/danielding/Desktop/defects4j/framework/projects/JacksonCore/lib/org/hamcrest/hamcrest-core/1.3/hamcrest-core-1.3.jar:/Users/danielding/Desktop/example_dir/JacksonCore_10/lib:/Users/danielding/Desktop/defects4j/framework/projects/JacksonCore/lib/com/fasterxml/jackson/core/jackson-databind/2.6.1/jackson-databind-2.6.1.jar:/Users/danielding/Desktop/example_dir/JacksonCore_10/target/classes:/Users/danielding/Desktop/example_dir/JacksonCore_10/target/test-classes:/Users/danielding/Desktop/defects4j/framework/projects/lib/junit-4.11.jar:/Users/danielding/Desktop/defects4j/framework/projects/JacksonCore/lib/junit/junit/4.12/junit-4.12.jar:/Users/danielding/Desktop/defects4j/framework/projects/JacksonCore/lib/junit/junit/4.8.2/junit-4.8.2.jar"" org.junit.runner.JUnitCore com.fasterxml.jackson.core.sym.UTF8ByteStreamTest"
JacksonCore-10,run_shell_command,1,"java -cp ""/Users/danielding/Desktop/defects4j/framework/projects/JacksonCore/lib/junit/junit/4.11/junit-4.11.jar:/Users/danielding/Desktop/defects4j/framework/projects/JacksonCore/lib/org/hamcrest/hamcrest-core/1.3/hamcrest-core-1.3.jar:/Users/danielding/Desktop/example_dir/JacksonCore_10/lib:/Users/danielding/Desktop/defects4j/framework/projects/JacksonCore/lib/com/fasterxml/jackson/core/jackson-databind/2.6.1/jackson-databind-2.6.1.jar:/Users/danielding/Desktop/example_dir/JacksonCore_10/target/classes:/Users/danielding/Desktop/example_dir/JacksonCore_10/target/test-classes:/Users/danielding/Desktop/defects4j/framework/projects/lib/junit/junit/4.11/junit-4.11.jar:/Users/danielding/Desktop/defects4j/framework/projects/JacksonCore/lib/junit/junit/4.12/junit-4.12.jar:/Users/danielding/Desktop/defects4j/framework/projects/JacksonCore/lib/junit/junit/4.8.2/junit-4.8.2.jar"" org.junit.runner.JUnitCore com.fasterxml.jackson.core.sym.TestSymbolTables > test_output_with_prints.log 2>&1"
JacksonCore-10,run_shell_command,2,"java -cp ""/Users/danielding/Desktop/example_dir/JacksonCore_10/lib/jackson-databind-2.6.1.jar:/Users/danielding/Desktop/example_dir/JacksonCore_10/lib/jackson-annotations-2.6.1.jar:/Users/danielding/Desktop/defects4j/framework/projects/JacksonCore/lib/junit/junit/4.11/junit-4.11.jar:/Users/danielding/Desktop/defects4j/framework/projects/JacksonCore/lib/org/hamcrest/hamcrest-core/1.3/hamcrest-core-1.3.jar:/Users/danielding/Desktop/example_dir/JacksonCore_10/target/classes:/Users/danielding/Desktop/example_dir/JacksonCore_10/target/test-classes"" org.junit.runner.JUnitCore com.fasterxml.jackson.core.sym.UTF8ByteStreamTest"
JacksonCore-10,run_shell_command,1,"java -cp ""/Users/danielding/Desktop/example_dir/JacksonCore_10/lib/jackson-databind-2.6.1.jar:/Users/danielding/Desktop/example_dir/JacksonCore_10/lib/jackson-annotations-2.6.1.jar:/Users/danielding/Desktop/defects4j/framework/projects/JacksonCore/lib/junit/junit/4.11/junit-4.11.jar:/Users/danielding/Desktop/example_dir/JacksonCore_10/target/classes:/Users/danielding/Desktop/example_dir/JacksonCore_10/target/test-classes"" org.junit.runner.JUnitCore com.fasterxml.jackson.core.sym.UTF8ByteStreamTest"
JacksonCore-10,run_shell_command,2,"javac -cp ""/Users/danielding/Desktop/defects4j/framework/projects/JacksonCore/lib/junit/junit/4.11/junit-4.11.jar:/Users/danielding/Desktop/defects4j/framework/projects/JacksonCore/lib/org/hamcrest/hamcrest-core/1.3/hamcrest-core-1.3.jar:/Users/danielding/Desktop/example_dir/JacksonCore_10/lib:/Users/danielding/Desktop/defects4j/framework/projects/JacksonCore/lib/com/fasterxml/jackson/core/jackson-databind/2.6.1/jackson-databind-2.6.1.jar:/Users/danielding/Desktop/example_dir/JacksonCore_10/target/classes:/Users/danielding/Desktop/example_dir/JacksonCore_10/target/test-classes:/Users/danielding/Desktop/defects4j/framework/projects/lib/junit-4.11.jar:/Users/danielding/Desktop/defects4j/framework/projects/JacksonCore/lib/junit/junit/4.12/junit-4.12.jar:/Users/danielding/Desktop/defects4j/framework/projects/JacksonCore/lib/junit/junit/4.8.2/junit-4.8.2.jar"" -d /Users/danielding/Desktop/example_dir/JacksonCore_10/target/test-classes /Users/danielding/Desktop/example_dir/JacksonCore_10/src/test/java/com/fasterxml/jackson/core/sym/UTF8ByteStreamTest.java"
JacksonCore-10,run_shell_command,1,"javac -cp ""/Users/danielding/Desktop/example_dir/JacksonCore_10/lib/jackson-databind-2.6.1.jar:/Users/danielding/Desktop/example_dir/JacksonCore_10/lib/jackson-annotations-2.6.1.jar:/Users/danielding/Desktop/defects4j/framework/projects/JacksonCore/lib/junit/junit/4.11/junit-4.11.jar:/Users/danielding/Desktop/example_dir/JacksonCore_10/target/classes:/Users/danielding/Desktop/example_dir/JacksonCore_10/target/test-classes"" -d /Users/danielding/Desktop/example_dir/JacksonCore_10/target/test-classes /Users/danielding/Desktop/example_dir/JacksonCore_10/src/test/java/com/fasterxml/jackson/core/sym/UTF8ByteStreamTest.java"
JacksonCore-10,run_shell_command,1,ls -l /Users/danielding/Desktop/example_dir/JacksonCore_10/lib
JacksonCore-10,run_shell_command,1,mkdir -p /Users/danielding/Desktop/example_dir/JacksonCore_10/lib && curl -o /Users/danielding/Desktop/example_dir/JacksonCore_10/lib/jackson-databind-2.6.1.jar https://repo1.maven.org/maven2/com/fasterxml/jackson/core/jackson-databind/2.6.1/jackson-databind-2.6.1.jar
JacksonCore-10,run_shell_command,1,mvn install
JacksonCore-10,run_shell_command,1,rm /Users/danielding/Desktop/example_dir/JacksonCore_10/src/test/java/com/fasterxml/jackson/core/sym/UTF8ByteStreamTest.java
JacksonCore-10,write_file,1,
JacksonCore-18,maple_extract_class_skeleton,1,
JacksonCore-18,maple_find_class,3,
JacksonCore-18,maple_find_method,1,
JacksonCore-18,maple_find_method_in_file,1,
JacksonCore-18,read_file,20,
JacksonCore-18,replace,12,
JacksonCore-18,run_shell_command,3,./run_bug_exposing_tests.sh
JacksonCore-18,run_shell_command,8,defects4j compile
JacksonCore-18,run_shell_command,7,defects4j test
JacksonCore-18,run_shell_command,1,defects4j test -t com.fasterxml.jackson.core.json.TestJsonGeneratorFeatures::testTooBigBigDecimal > /Users/danielding/Desktop/example_dir/JacksonCore_18/test_trace.log 2>&1
JacksonCore-18,run_shell_command,2,git diff
JacksonCore-21,glob,1,
JacksonCore-21,maple_extract_class_skeleton,2,
JacksonCore-21,maple_find_class,1,
JacksonCore-21,read_file,5,
JacksonCore-21,replace,1,
JacksonCore-21,run_shell_command,1,./run_bug_exposing_tests.sh
JacksonCore-21,run_shell_command,2,defects4j compile
JacksonCore-21,run_shell_command,1,defects4j test
JacksonCore-21,run_shell_command,1,defects4j test -t com.fasterxml.jackson.core.filter.TokenVerifyingParserFiltering330Test
JacksonCore-21,run_shell_command,2,defects4j test -t com.fasterxml.jackson.core.filter.TokenVerifyingParserFiltering330Test::testBasicSingleMatchFilteringWithPath
JacksonCore-21,run_shell_command,1,git diff
JacksonDatabind-20,glob,1,
JacksonDatabind-20,maple_find_class,1,
JacksonDatabind-20,maple_find_code,2,
JacksonDatabind-20,read_file,29,
JacksonDatabind-20,replace,46,
JacksonDatabind-20,run_shell_command,2,./run_bug_exposing_tests.sh
JacksonDatabind-20,run_shell_command,14,defects4j compile
JacksonDatabind-20,run_shell_command,9,defects4j test -t com.fasterxml.jackson.databind.failing.TestPropertyNamingStrategyIssue20::reproducer
JacksonDatabind-20,write_file,1,
JacksonDatabind-30,maple_extract_class_skeleton,1,
JacksonDatabind-30,maple_find_class,1,
JacksonDatabind-30,maple_find_code,3,
JacksonDatabind-30,read_file,33,
JacksonDatabind-30,replace,54,
JacksonDatabind-30,run_shell_command,1,./run_bug_exposing_tests.sh
JacksonDatabind-30,run_shell_command,18,defects4j compile
JacksonDatabind-30,run_shell_command,12,defects4j test -t com.fasterxml.jackson.databind.failing.JacksonTest::test
JacksonDatabind-30,run_shell_command,1,java -cp /Users/danielding/Desktop/defects4j/framework/projects/JacksonDatabind/lib/com/fasterxml/jackson/core/jackson-annotations/2.6.0/jackson-annotations-2.6.0.jar:/Users/danielding/Desktop/defects4j/framework/projects/JacksonDatabind/lib/com/fasterxml/jackson/core/jackson-core/2.6.2/jackson-core-2.6.2.jar:/Users/danielding/Desktop/defects4j/framework/projects/JacksonDatabind/lib/junit/junit/4.11/junit-4.11.jar:/Users/danielding/Desktop/defects4j/framework/projects/JacksonDatabind/lib/org/hamcrest/hamcrest-core/1.3/hamcrest-core-1.3.jar:/Users/danielding/Desktop/example_dir/JacksonDatabind_30/target/classes:/Users/danielding/Desktop/example_dir/JacksonDatabind_30/target/test-classes org.junit.runner.JUnitCore com.fasterxml.jackson.databind.failing.JacksonTest > /Users/danielding/.gemini/tmp/d2c69d001c8cbad906e11a1073bfb003b58ed9d31190b2ecc38543a18f744fdf/test_output.log 2>&1
JacksonDatabind-30,run_shell_command,1,java -cp /Users/danielding/Desktop/defects4j/framework/projects/JacksonDatabind/lib/com/fasterxml/jackson/core/jackson-annotations/2.6.0/jackson-annotations-2.6.0.jar:/Users/danielding/Desktop/defects4j/framework/projects/JacksonDatabind/lib/com/fasterxml/jackson/core/jackson-core/2.6.2/jackson-core-2.6.2.jar:/Users/danielding/Desktop/defects4j/framework/projects/JacksonDatabind/lib/junit/junit/4.11/junit-4.11.jar:/Users/danielding/Desktop/defects4j/framework/projects/JacksonDatabind/lib/org/hamcrest/hamcrest-core/1.3/hamcrest-core-1.3.jar:/Users/danielding/Desktop/example_dir/JacksonDatabind_30/target/classes:/Users/danielding/Desktop/example_dir/JacksonDatabind_30/target/test-classes org.junit.runner.JUnitCore com.fasterxml.jackson.databind.jsontype.TestExternalId > /Users/danielding/.gemini/tmp/d2c69d001c8cbad906e11a1073bfb003b58ed9d31190b2ecc38543a18f744fdf/test_external_id_output.log 2>&1
JacksonDatabind-30,run_shell_command,1,java -cp /Users/danielding/Desktop/defects4j/framework/projects/JacksonDatabind/lib/com/fasterxml/jackson/core/jackson-annotations/2.6.0/jackson-annotations-2.6.0.jar:/Users/danielding/Desktop/defects4j/framework/projects/JacksonDatabind/lib/com/fasterxml/jackson/core/jackson-core/2.6.2/jackson-core-2.6.2.jar:/Users/danielding/Desktop/defects4j/framework/projects/JacksonDatabind/lib/junit/junit/4.11/junit-4.11.jar:/Users/danielding/Desktop/example_dir/JacksonDatabind_30/target/classes:/Users/danielding/Desktop/example_dir/JacksonDatabind_30/target/test-classes org.junit.runner.JUnitCore com.fasterxml.jackson.databind.failing.JacksonTest > /Users/danielding/.gemini/tmp/d2c69d001c8cbad906e11a1073bfb003b58ed9d31190b2ecc38543a18f744fdf/test_output.log 2>&1
JacksonDatabind-30,run_shell_command,1,java -cp /Users/danielding/Desktop/defects4j/framework/projects/JacksonDatabind/lib/com/fasterxml/jackson/core/jackson-annotations/2.6.0/jackson-annotations-2.6.0.jar:/Users/danielding/Desktop/defects4j/framework/projects/JacksonDatabind/lib/com/fasterxml/jackson/core/jackson-core/2.6.2/jackson-core-2.6.2.jar:/Users/danielding/Desktop/defects4j/framework/projects/JacksonDatabind/lib/org/powermock/powermock-module-junit4/1.6.2/powermock-module-junit4-1.6.2.jar:/Users/danielding/Desktop/defects4j/framework/projects/JacksonDatabind/lib/org/powermock/powermock-module-junit4-common/1.6.2/powermock-module-junit4-common-1.6.2.jar:/Users/danielding/Desktop/defects4j/framework/projects/JacksonDatabind/lib/org/powermock/powermock-core/1.6.2/powermock-core-1.6.2.jar:/Users/danielding/Desktop/defects4j/framework/projects/JacksonDatabind/lib/org/javassist/javassist/3.19.0-GA/javassist-3.19.0-GA.jar:/Users/danielding/Desktop/defects4j/framework/projects/JacksonDatabind/lib/org/powermock/powermock-reflect/1.6.2/powermock-reflect-1.6.2.jar:/Users/danielding/Desktop/defects4j/framework/projects/JacksonDatabind/lib/org/objenesis/objenesis/2.1/objenesis-2.1.jar:/Users/danielding/Desktop/defects4j/framework/projects/JacksonDatabind/lib/org/powermock/powermock-api-mockito/1.6.2/powermock-api-mockito-1.6.2.jar:/Users/danielding/Desktop/defects4j/framework/projects/JacksonDatabind/lib/org/mockito/mockito-all/1.10.19/mockito-all-1.10.19.jar:/Users/danielding/Desktop/defects4j/framework/projects/JacksonDatabind/lib/org/powermock/powermock-api-support/1.6.2/powermock-api-support-1.6.2.jar:/Users/danielding/Desktop/defects4j/framework/projects/JacksonDatabind/lib/javax/measure/jsr-275/0.9.2/jsr-275-0.9.2.jar:/Users/danielding/Desktop/defects4j/framework/projects/JacksonDatabind/lib/com/google/guava/guava/18.0/guava-18.0.jar:/Users/danielding/Desktop/defects4j/framework/projects/JacksonDatabind/lib/junit/junit/4.11/junit-4.11.jar:/Users/danielding/Desktop/defects4j/framework/projects/JacksonDatabind/lib/org/hamcrest/hamcrest-core/1.3/hamcrest-core-1.3.jar:/Users/danielding/Desktop/example_dir/JacksonDatabind_30/target/classes:/Users/danielding/Desktop/example_dir/JacksonDatabind_30/target/test-classes:/Users/danielding/Desktop/defects4j/framework/projects/lib/junit-4.11.jar:/Users/danielding/Desktop/defects4j/framework/projects/JacksonDatabind/lib/antlr/antlr/2.7.7/antlr-2.7.7.jar:/Users/danielding/Desktop/defects4j/framework/projects/JacksonDatabind/lib/asm/asm-analysis/3.2/asm-analysis-3.2.jar:/Users/danielding/Desktop/defects4j/framework/projects/JacksonDatabind/lib/asm/asm-commons/3.2/asm-commons-3.2.jar:/Users/danielding/Desktop/defects4j/framework/projects/JacksonDatabind/lib/asm/asm-tree/3.2/asm-tree-3.2.jar:/Users/danielding/Desktop/defects4j/framework/projects/JacksonDatabind/lib/asm/asm-util/3.2/asm-util-3.2.jar:/Users/danielding/Desktop/defects4j/framework/projects/JacksonDatabind/lib/asm/asm/3.3.1/asm-3.3.1.jar:/Users/danielding/Desktop/defects4j/framework/projects/JacksonDatabind/lib/cglib/cglib/2.2.2/cglib-2.2.2.jar:/Users/danielding/Desktop/defects4j/framework/projects/JacksonDatabind/lib/cglib/cglib/3.1/cglib-3.1.jar:/Users/danielding/Desktop/defects4j/framework/projects/JacksonDatabind/lib/com/fasterxml/jackson/core/jackson-annotations/2.10.0-SNAPSHOT/jackson-annotations-2.10.0-20190519.085045-3.jar:/Users/danielding/Desktop/defects4j/framework/projects/JacksonDatabind/lib/com/fasterxml/jackson/core/jackson-annotations/2.2.0/jackson-annotations-2.2.0.jar:/Users/danielding/Desktop/defects4j/framework/projects/JacksonDatabind/lib/com/fasterxml/jackson/core/jackson-annotations/2.2.1/jackson-annotations-2.2.1.jar:/Users/danielding/Desktop/defects4j/framework/projects/JacksonDatabind/lib/com/fasterxml/jackson/core/jackson-annotations/2.3.0/jackson-annotations-2.3.0.jar:/Users/danielding/Desktop/defects4j/framework/projects/JacksonDatabind/lib/com/fasterxml/jackson/core/jackson-annotations/2.4.0-rc3/jackson-annotations-2.4.0-rc3.jar:/Users/danielding/Desktop/defects4j/framework/projects/JacksonDatabind/lib/com/fasterxml/jackson/core/jackson-annotations/2.4.0/jackson-annotations-2.4.0.jar:/Users/danielding/Desktop/defects4j/framework/projects/JacksonDatabind/lib/com/fasterxml/jackson/core/jackson-annotations/2.5.0/jackson-annotations-2.5.0.jar:/Users/danielding/Desktop/defects4j/framework/projects/JacksonDatabind/lib/com/fasterxml/jackson/core/jackson-annotations/2.6.0-rc1/jackson-annotations-2.6.0-rc1.jar:/Users/danielding/Desktop/defects4j/framework/projects/JacksonDatabind/lib/com/fasterxml/jackson/core/jackson-annotations/2.6.0-rc2/jackson-annotations-2.6.0-rc2.jar:/Users/danielding/Desktop/defects4j/framework/projects/JacksonDatabind/lib/com/fasterxml/jackson/core/jackson-annotations/2.6.0-rc3/jackson-annotations-2.6.0-rc3.jar:/Users/danielding/Desktop/defects4j/framework/projects/JacksonDatabind/lib/com/fasterxml/jackson/core/jackson-annotations/2.7.0-rc2/jackson-annotations-2.7.0-rc2.jar:/Users/danielding/Desktop/defects4j/framework/projects/JacksonDatabind/lib/com/fasterxml/jackson/core/jackson-annotations/2.7.0/jackson-annotations-2.7.0.jar:/Users/danielding/Desktop/defects4j/framework/projects/JacksonDatabind/lib/com/fasterxml/jackson/core/jackson-annotations/2.8.0.rc1/jackson-annotations-2.8.0.rc1.jar:/Users/danielding/Desktop/defects4j/framework/projects/JacksonDatabind/lib/com/fasterxml/jackson/core/jackson-annotations/2.8.0/jackson-annotations-2.8.0.jar:/Users/danielding/Desktop/defects4j/framework/projects/JacksonDatabind/lib/com/fasterxml/jackson/core/jackson-annotations/2.9.0.pr3/jackson-annotations-2.9.0.pr3.jar:/Users/danielding/Desktop/defects4j/framework/projects/JacksonDatabind/lib/com/fasterxml/jackson/core/jackson-annotations/2.9.0/jackson-annotations-2.9.0.jar:/Users/danielding/Desktop/defects4j/framework/projects/JacksonDatabind/lib/com/fasterxml/jackson/core/jackson-annotations/3.0-SNAPSHOT/jackson-annotations-3.0-20190323.173155-41.jar:/Users/danielding/Desktop/defects4j/framework/projects/JacksonDatabind/lib/com/fasterxml/jackson/core/jackson-annotations/3.0-SNAPSHOT/jackson-annotations-3.0-20190519.085339-43.jar:/Users/danielding/Desktop/defects4j/framework/projects/JacksonDatabind/lib/com/fasterxml/jackson/core/jackson-core/2.10.0-SNAPSHOT/jackson-core-2.10.0-20190518.180547-60.jar:/Users/danielding/Desktop/defects4j/framework/projects/JacksonDatabind/lib/com/fasterxml/jackson/core/jackson-core/2.2.0/jackson-core-2.2.0.jar:/Users/danielding/Desktop/defects4j/framework/projects/JacksonDatabind/lib/com/fasterxml/jackson/core/jackson-core/2.2.1/jackson-core-2.2.1.jar:/Users/danielding/Desktop/defects4j/framework/projects/JacksonDatabind/lib/com/fasterxml/jackson/core/jackson-core/2.3.0/jackson-core-2.3.0.jar:/Users/danielding/Desktop/defects4j/framework/projects/JacksonDatabind/lib/com/fasterxml/jackson/core/jackson-core/2.4.0-rc3/jackson-core-2.4.0-rc3.jar:/Users/danielding/Desktop/defects4j/framework/projects/JacksonDatabind/lib/com/fasterxml/jackson/core/jackson-core/2.4.0/jackson-core-2.4.0.jar:/Users/danielding/Desktop/defects4j/framework/projects/JacksonDatabind/lib/com/fasterxml/jackson/core/jackson-core/2.4.1.1/jackson-core-2.4.1.1.jar:/Users/danielding/Desktop/defects4j/framework/projects/JacksonDatabind/lib/com/fasterxml/jackson/core/jackson-core/2.4.2/jackson-core-2.4.2.jar:/Users/danielding/Desktop/defects4j/framework/projects/JacksonDatabind/lib/com/fasterxml/jackson/core/jackson-core/2.4.3/jackson-core-2.4.3.jar:/Users/danielding/Desktop/defects4j/framework/projects/JacksonDatabind/lib/com/fasterxml/jackson/core/jackson-core/2.4.5/jackson-core-2.4.5.jar:/Users/danielding/Desktop/defects4j/framework/projects/JacksonDatabind/lib/com/fasterxml/jackson/core/jackson-core/2.4.6/jackson-core-2.4.6.jar:/Users/danielding/Desktop/defects4j/framework/projects/JacksonDatabind/lib/com/fasterxml/jackson/core/jackson-core/2.5.0/jackson-core-2.5.0.jar:/Users/danielding/Desktop/defects4j/framework/projects/JacksonDatabind/lib/com/fasterxml/jackson/core/jackson-core/2.5.1/jackson-core-2.5.1.jar:/Users/danielding/Desktop/defects4j/framework/projects/JacksonDatabind/lib/com/fasterxml/jackson/core/jackson-core/2.5.3/jackson-core-2.5.3.jar:/Users/danielding/Desktop/defects4j/framework/projects/JacksonDatabind/lib/com/fasterxml/jackson/core/jackson-core/2.5.4/jackson-core-2.5.4.jar:/Users/danielding/Desktop/defects4j/framework/projects/JacksonDatabind/lib/com/fasterxml/jackson/core/jackson-core/2.5.5/jackson-core-2.5.5.jar:/Users/danielding/Desktop/defects4j/framework/projects/JacksonDatabind/lib/com/fasterxml/jackson/core/jackson-core/2.6.0-rc1/jackson-core-2.6.0-rc1.jar:/Users/danielding/Desktop/defects4j/framework/projects/JacksonDatabind/lib/com/fasterxml/jackson/core/jackson-core/2.6.0-rc2/jackson-core-2.6.0-rc2.jar:/Users/danielding/Desktop/defects4j/framework/projects/JacksonDatabind/lib/com/fasterxml/jackson/core/jackson-core/2.6.0-rc3/jackson-core-2.6.0-rc3.jar:/Users/danielding/Desktop/defects4j/framework/projects/JacksonDatabind/lib/com/fasterxml/jackson/core/jackson-core/2.6.0/jackson-core-2.6.0.jar:/Users/danielding/Desktop/defects4j/framework/projects/JacksonDatabind/lib/com/fasterxml/jackson/core/jackson-core/2.6.1/jackson-core-2.6.1.jar:/Users/danielding/Desktop/defects4j/framework/projects/JacksonDatabind/lib/com/fasterxml/jackson/core/jackson-core/2.6.3/jackson-core-2.6.3.jar:/Users/danielding/Desktop/defects4j/framework/projects/JacksonDatabind/lib/com/fasterxml/jackson/core/jackson-core/2.6.4/jackson-core-2.6.4.jar:/Users/danielding/Desktop/defects4j/framework/projects/JacksonDatabind/lib/com/fasterxml/jackson/core/jackson-core/2.6.5/jackson-core-2.6.5.jar:/Users/danielding/Desktop/defects4j/framework/projects/JacksonDatabind/lib/com/fasterxml/jackson/core/jackson-core/2.6.6/jackson-core-2.6.6.jar:/Users/danielding/Desktop/defects4j/framework/projects/JacksonDatabind/lib/com/fasterxml/jackson/core/jackson-core/2.6.7/jackson-core-2.6.7.jar:/Users/danielding/Desktop/defects4j/framework/projects/JacksonDatabind/lib/com/fasterxml/jackson/core/jackson-core/2.7.0-rc2/jackson-core-2.7.0-rc2.jar:/Users/danielding/Desktop/defects4j/framework/projects/JacksonDatabind/lib/com/fasterxml/jackson/core/jackson-core/2.7.0/jackson-core-2.7.0.jar:/Users/danielding/Desktop/defects4j/framework/projects/JacksonDatabind/lib/com/fasterxml/jackson/core/jackson-core/2.7.1/jackson-core-2.7.1.jar:/Users/danielding/Desktop/defects4j/framework/projects/JacksonDatabind/lib/com/fasterxml/jackson/core/jackson-core/2.7.2/jackson-core-2.7.2.jar:/Users/danielding/Desktop/defects4j/framework/projects/JacksonDatabind/lib/com/fasterxml/jackson/core/jackson-core/2.7.4/jackson-core-2.7.4.jar:/Users/danielding/Desktop/defects4j/framework/projects/JacksonDatabind/lib/com/fasterxml/jackson/core/jackson-core/2.7.5/jackson-core-2.7.5.jar:/Users/danielding/Desktop/defects4j/framework/projects/JacksonDatabind/lib/com/fasterxml/jackson/core/jackson-core/2.7.6/jackson-core-2.7.6.jar:/Users/danielding/Desktop/defects4j/framework/projects/JacksonDatabind/lib/com/fasterxml/jackson/core/jackson-core/2.7.7/jackson-core-2.7.7.jar:/Users/danielding/Desktop/defects4j/framework/projects/JacksonDatabind/lib/com/fasterxml/jackson/core/jackson-core/2.7.8/jackson-core-2.7.8.jar:/Users/danielding/Desktop/defects4j/framework/projects/JacksonDatabind/lib/com/fasterxml/jackson/core/jackson-core/2.7.9/jackson-core-2.7.9.jar:/Users/danielding/Desktop/defects4j/framework/projects/JacksonDatabind/lib/com/fasterxml/jackson/core/jackson-core/2.8.0.rc1/jackson-core-2.8.0.rc1.jar:/Users/danielding/Desktop/defects4j/framework/projects/JacksonDatabind/lib/com/fasterxml/jackson/core/jackson-core/2.8.0.rc2/jackson-core-2.8.0.rc2.jar:/Users/danielding/Desktop/defects4j/framework/projects/JacksonDatabind/lib/com/fasterxml/jackson/core/jackson-core/2.8.0/jackson-core-2.8.0.jar:/Users/danielding/Desktop/defects4j/framework/projects/JacksonDatabind/lib/com/fasterxml/jackson/core/jackson-core/2.8.10/jackson-core-2.8.10.jar:/Users/danielding/Desktop/defects4j/framework/projects/JacksonDatabind/lib/com/fasterxml/jackson/core/jackson-core/2.8.3/jackson-core-2.8.3.jar:/Users/danielding/Desktop/defects4j/framework/projects/JacksonDatabind/lib/com/fasterxml/jackson/core/jackson-core/2.8.4/jackson-core-2.8.4.jar:/Users/danielding/Desktop/defects4j/framework/projects/JacksonDatabind/lib/com/fasterxml/jackson/core/jackson-core/2.8.5/jackson-core-2.8.5.jar:/Users/danielding/Desktop/defects4j/framework/projects/JacksonDatabind/lib/com/fasterxml/jackson/core/jackson-core/2.8.6/jackson-core-2.8.6.jar:/Users/danielding/Desktop/defects4j/framework/projects/JacksonDatabind/lib/com/fasterxml/jackson/core/jackson-core/2.8.7/jackson-core-2.8.7.jar:/Users/danielding/Desktop/defects4j/framework/projects/JacksonDatabind/lib/com/fasterxml/jackson/core/jackson-core/2.8.8-SNAPSHOT/jackson-core-2.8.8-20170301.000803-1.jar:/Users/danielding/Desktop/defects4j/framework/projects/JacksonDatabind/lib/com/fasterxml/jackson/core/jackson-core/2.8.8/jackson-core-2.8.8.jar:/Users/danielding/Desktop/defects4j/framework/projects/JacksonDatabind/lib/com/fasterxml/jackson/core/jackson-core/2.8.9/jackson-core-2.8.9.jar:/Users/danielding/Desktop/defects4j/framework/projects/JacksonDatabind/lib/com/fasterxml/jackson/core/jackson-core/2.9.0.pr3/jackson-core-2.9.0.pr3.jar:/Users/danielding/Desktop/defects4j/framework/projects/JacksonDatabind/lib/com/fasterxml/jackson/core/jackson-core/2.9.6/jackson-core-2.9.6.jar:/Users/danielding/Desktop/defects4j/framework/projects/JacksonDatabind/lib/com/fasterxml/jackson/core/jackson-core/2.9.7/jackson-core-2.9.7.jar:/Users/danielding/Desktop/defects4j/framework/projects/JacksonDatabind/lib/com/fasterxml/jackson/core/jackson-core/2.9.8/jackson-core-2.9.8.jar:/Users/danielding/Desktop/defects4j/framework/projects/JacksonDatabind/lib/com/fasterxml/jackson/core/jackson-core/2.9.9/jackson-core-2.9.9.jar:/Users/danielding/Desktop/defects4j/framework/projects/JacksonDatabind/lib/com/fasterxml/jackson/core/jackson-core/3.0.0-SNAPSHOT/jackson-core-3.0.0-20190516.032312-448.jar:/Users/danielding/Desktop/defects4j/framework/projects/JacksonDatabind/lib/com/google/jimfs/jimfs/1.1/jimfs-1.1.jar:/Users/danielding/Desktop/defects4j/framework/projects/JacksonDatabind/lib/javax/measure/jsr-275/0.9.1/jsr-275-0.9.1.jar:/Users/danielding/Desktop/defects4j/framework/projects/JacksonDatabind/lib/junit/junit/4.10/junit-4.10.jar:/Users/danielding/Desktop/defects4j/framework/projects/JacksonDatabind/lib/junit/junit/4.12/junit-4.12.jar:/Users/danielding/Desktop/defects4j/framework/projects/JacksonDatabind/lib/junit/junit/4.8.2/junit-4.8.2.jar:/Users/danielding/Desktop/defects4j/framework/projects/JacksonDatabind/lib/net/bytebuddy/byte-buddy-agent/1.7.5/byte-buddy-agent-1.7.5.jar:/Users/danielding/Desktop/defects4j/framework/projects/JacksonDatabind/lib/net/bytebuddy/byte-buddy-agent/1.9.3/byte-buddy-agent-1.9.3.jar:/Users/danielding/Desktop/defects4j/framework/projects/JacksonDatabind/lib/net/bytebuddy/byte-buddy/1.7.5/byte-buddy-1.7.5.jar:/Users/danielding/Desktop/defects4j/framework/projects/JacksonDatabind/lib/net/bytebuddy/byte-buddy/1.9.3/byte-buddy-1.9.3.jar:/Users/danielding/Desktop/defects4j/framework/projects/JacksonDatabind/lib/org/assertj/assertj-core/3.8.0/assertj-core-3.8.0.jar:/Users/danielding/Desktop/defects4j/framework/projects/JacksonDatabind/lib/org/assertj/assertj-core/3.9.1/assertj-core-3.9.1.jar:/Users/danielding/Desktop/defects4j/framework/projects/JacksonDatabind/lib/org/codehaus/groovy/groovy/1.7.9/groovy-1.7.9.jar:/Users/danielding/Desktop/defects4j/framework/projects/JacksonDatabind/lib/org/codehaus/groovy/groovy/2.4.0/groovy-2.4.0.jar:/Users/danielding/Desktop/defects4j/framework/projects/JacksonDatabind/lib/org/hamcrest/hamcrest-core/1.1/hamcrest-core-1.1.jar:/Users/danielding/Desktop/defects4j/framework/projects/JacksonDatabind/lib/org/hibernate/hibernate-cglib-repack/2.1_3/hibernate-cglib-repack-2.1_3.jar:/Users/danielding/Desktop/defects4j/framework/projects/JacksonDatabind/lib/org/javassist/javassist/3.20.0-GA/javassist-3.20.0-GA.jar:/Users/danielding/Desktop/defects4j/framework/projects/JacksonDatabind/lib/org/javassist/javassist/3.21.0-GA/javassist-3.21.0-GA.jar:/Users/danielding/Desktop/defects4j/framework/projects/JacksonDatabind/lib/org/javassist/javassist/3.22.0-CR2/javassist-3.22.0-CR2.jar:/Users/danielding/Desktop/defects4j/framework/projects/JacksonDatabind/lib/org/javassist/javassist/3.24.0-GA/javassist-3.24.0-GA.jar:/Users/danielding/Desktop/defects4j/framework/projects/JacksonDatabind/lib/org/mockito/mockito-core/1.10.19/mockito-core-1.10.19.jar:/Users/danielding/Desktop/defects4j/framework/projects/JacksonDatabind/lib/org/mockito/mockito-core/2.10.0/mockito-core-2.10.0.jar:/Users/danielding/Desktop/defects4j/framework/projects/JacksonDatabind/lib/org/mockito/mockito-core/2.23.0/mockito-core-2.23.0.jar:/Users/danielding/Desktop/defects4j/framework/projects/JacksonDatabind/lib/org/objenesis/objenesis/2.6/objenesis-2.6.jar:/Users/danielding/Desktop/defects4j/framework/projects/JacksonDatabind/lib/org/objenesis/objenesis/3.0.1/objenesis-3.0.1.jar:/Users/danielding/Desktop/defects4j/framework/projects/JacksonDatabind/lib/org/ow2/asm/asm/4.2/asm-4.2.jar:/Users/danielding/Desktop/defects4j/framework/projects/JacksonDatabind/lib/org/powermock/powermock-api-mockito-common/1.6.5/powermock-api-mockito-common-1.6.5.jar:/Users/danielding/Desktop/defects4j/framework/projects/JacksonDatabind/lib/org/powermock/powermock-api-mockito-common/1.7.3/powermock-api-mockito-common-1.7.3.jar:/Users/danielding/Desktop/defects4j/framework/projects/JacksonDatabind/lib/org/powermock/powermock-api-mockito-common/1.7.4/powermock-api-mockito-common-1.7.4.jar:/Users/danielding/Desktop/defects4j/framework/projects/JacksonDatabind/lib/org/powermock/powermock-api-mockito/1.6.3/powermock-api-mockito-1.6.3.jar:/Users/danielding/Desktop/defects4j/framework/projects/JacksonDatabind/lib/org/powermock/powermock-api-mockito/1.6.5/powermock-api-mockito-1.6.5.jar:/Users/danielding/Desktop/defects4j/framework/projects/JacksonDatabind/lib/org/powermock/powermock-api-mockito/1.7.3/powermock-api-mockito-1.7.3.jar:/Users/danielding/Desktop/defects4j/framework/projects/JacksonDatabind/lib/org/powermock/powermock-api-mockito/1.7.4/powermock-api-mockito-1.7.4.jar:/Users/danielding/Desktop/defects4j/framework/projects/JacksonDatabind/lib/org/powermock/powermock-api-mockito2/2.0.0-beta.5/powermock-api-mockito2-2.0.0-beta.5.jar:/Users/danielding/Desktop/defects4j/framework/projects/JacksonDatabind/lib/org/powermock/powermock-api-mockito2/2.0.0/powermock-api-mockito2-2.0.0.jar:/Users/danielding/Desktop/defects4j/framework/projects/JacksonDatabind/lib/org/powermock/powermock-api-support/1.6.3/powermock-api-support-1.6.3.jar:/Users/danielding/Desktop/defects4j/framework/projects/JacksonDatabind/lib/org/powermock/powermock-api-support/1.6.5/powermock-api-support-1.6.5.jar:/Users/danielding/Desktop/defects4j/framework/projects/JacksonDatabind/lib/org/powermock/powermock-api-support/1.7.3/powermock-api-support-1.7.3.jar:/Users/danielding/Desktop/defects4j/framework/projects/JacksonDatabind/lib/org/powermock/powermock-api-support/1.7.4/powermock-api-support-1.7.4.jar:/Users/danielding/Desktop/defects4j/framework/projects/JacksonDatabind/lib/org/powermock/powermock-api-support/2.0.0-beta.5/powermock-api-support-2.0.0-beta.5.jar:/Users/danielding/Desktop/defects4j/framework/projects/JacksonDatabind/lib/org/powermock/powermock-api-support/2.0.0/powermock-api-support-2.0.0.jar:/Users/danielding/Desktop/defects4j/framework/projects/JacksonDatabind/lib/org/powermock/powermock-core/1.6.3/powermock-core-1.6.3.jar:/Users/danielding/Desktop/defects4j/framework/projects/JacksonDatabind/lib/org/powermock/powermock-core/1.6.5/powermock-core-1.6.5.jar:/Users/danielding/Desktop/defects4j/framework/projects/JacksonDatabind/lib/org/powermock/powermock-core/1.7.3/powermock-core-1.7.3.jar:/Users/danielding/Desktop/defects4j/framework/projects/JacksonDatabind/lib/org/powermock/powermock-core/1.7.4/powermock-core-1.7.4.jar:/Users/danielding/Desktop/defects4j/framework/projects/JacksonDatabind/lib/org/powermock/powermock-core/2.0.0-beta.5/powermock-core-2.0.0-beta.5.jar:/Users/danielding/Desktop/defects4j/framework/projects/JacksonDatabind/lib/org/powermock/powermock-core/2.0.0/powermock-core-2.0.0.jar:/Users/danielding/Desktop/defects4j/framework/projects/JacksonDatabind/lib/org/powermock/powermock-module-junit4-common/1.6.3/powermock-module-junit4-common-1.6.3.jar:/Users/danielding/Desktop/defects4j/framework/projects/JacksonDatabind/lib/org/powermock/powermock-module-junit4-common/1.6.5/powermock-module-junit4-common-1.6.5.jar:/Users/danielding/Desktop/defects4j/framework/projects/JacksonDatabind/lib/org/powermock/powermock-module-junit4-common/1.7.3/powermock-module-junit4-common-1.7.3.jar:/Users/danielding/Desktop/defects4j/framework/projects/JacksonDatabind/lib/org/powermock/powermock-module-junit4-common/1.7.4/powermock-module-junit4-common-1.7.4.jar:/Users/danielding/Desktop/defects4j/framework/projects/JacksonDatabind/lib/org/powermock/powermock-module-junit4-common/2.0.0-beta.5/powermock-module-junit4-common-2.0.0-beta.5.jar:/Users/danielding/Desktop/defects4j/framework/projects/JacksonDatabind/lib/org/powermock/powermock-module-junit4-common/2.0.0/powermock-module-junit4-common-2.0.0.jar:/Users/danielding/Desktop/defects4j/framework/projects/JacksonDatabind/lib/org/powermock/powermock-module-junit4/1.6.3/powermock-module-junit4-1.6.3.jar:/Users/danielding/Desktop/defects4j/framework/projects/JacksonDatabind/lib/org/powermock/powermock-module-junit4/1.6.5/powermock-module-junit4-1.6.5.jar:/Users/danielding/Desktop/defects4j/framework/projects/JacksonDatabind/lib/org/powermock/powermock-module-junit4/1.7.3/powermock-module-junit4-1.7.3.jar:/Users/danielding/Desktop/defects4j/framework/projects/JacksonDatabind/lib/org/powermock/powermock-module-junit4/1.7.4/powermock-module-junit4-1.7.4.jar:/Users/danielding/Desktop/defects4j/framework/projects/JacksonDatabind/lib/org/powermock/powermock-module-junit4/2.0.0-beta.5/powermock-module-junit4-2.0.0-beta.5.jar:/Users/danielding/Desktop/defects4j/framework/projects/JacksonDatabind/lib/org/powermock/powermock-module-junit4/2.0.0/powermock-module-junit4-2.0.0.jar:/Users/danielding/Desktop/defects4j/framework/projects/JacksonDatabind/lib/org/powermock/powermock-reflect/1.6.3/powermock-reflect-1.6.3.jar:/Users/danielding/Desktop/defects4j/framework/projects/JacksonDatabind/lib/org/powermock/powermock-reflect/1.6.5/powermock-reflect-1.6.5.jar:/Users/danielding/Desktop/defects4j/framework/projects/JacksonDatabind/lib/org/powermock/powermock-reflect/1.7.3/powermock-reflect-1.7.3.jar:/Users/danielding/Desktop/defects4j/framework/projects/JacksonDatabind/lib/org/powermock/powermock-reflect/1.7.4/powermock-reflect-1.7.4.jar:/Users/danielding/Desktop/defects4j/framework/projects/JacksonDatabind/lib/org/powermock/powermock-reflect/2.0.0-beta.5/powermock-reflect-2.0.0-beta.5.jar:/Users/danielding/Desktop/defects4j/framework/projects/JacksonDatabind/lib/org/powermock/powermock-reflect/2.0.0/powermock-reflect-2.0.0.jar org.junit.runner.JUnitCore com.fasterxml.jackson.databind.failing.JacksonTest > /Users/danielding/.gemini/tmp/d2c69d001c8cbad906e11a1073bfb003b58ed9d31190b2ecc38543a18f744fdf/test_output.log 2>&1
JacksonDatabind-30,search_file_content,9,
JacksonDatabind-30,write_file,1,
JacksonDatabind-65,glob,1,
JacksonDatabind-65,read_file,3,
JacksonDatabind-65,replace,1,
JacksonDatabind-65,run_shell_command,1,./run_bug_exposing_tests.sh
JacksonDatabind-65,run_shell_command,1,defects4j compile
JacksonDatabind-65,run_shell_command,1,defects4j info
JacksonDatabind-65,run_shell_command,1,defects4j info -p JacksonDatabind -b 65
JacksonDatabind-65,run_shell_command,1,defects4j test
JacksonDatabind-65,run_shell_command,2,defects4j test -t com.fasterxml.jackson.databind.deser.KeyDeser1429Test::testDeserializeKeyViaFactory
JacksonDatabind-65,run_shell_command,1,git diff
Jsoup-21,read_file,15,
Jsoup-21,replace,18,
Jsoup-21,run_shell_command,3,./run_bug_exposing_tests.sh
Jsoup-21,run_shell_command,1,defects4j compile
Jsoup-21,run_shell_command,16,defects4j test
Jsoup-21,run_shell_command,3,defects4j test -t org.jsoup.select.SelectorTest::handlesCommasInSelector
Jsoup-21,run_shell_command,2,defects4j test -t org.jsoup.select.SelectorTest::mixCombinatorGroup
Jsoup-21,run_shell_command,1,git diff > fix_bug.patch
Jsoup-21,run_shell_command,1,git restore src/main/java/org/jsoup/parser/TokenQueue.java
Jsoup-21,run_shell_command,1,git restore src/main/java/org/jsoup/select/QueryParser.java
Jsoup-21,run_shell_command,3,git restore src/test/java/org/jsoup/select/SelectorTest.java
Jsoup-21,search_file_content,3,
Jsoup-22,read_file,5,
Jsoup-22,replace,11,
Jsoup-22,run_shell_command,1,./run_all_tests_trace.sh
Jsoup-22,run_shell_command,1,./run_bug_exposing_tests.sh
Jsoup-22,run_shell_command,5,defects4j test
Jsoup-22,run_shell_command,1,git diff
Jsoup-31,glob,1,
Jsoup-31,maple_find_method_in_class,2,
Jsoup-31,read_file,26,
Jsoup-31,replace,55,
Jsoup-31,run_shell_command,7,./run_bug_exposing_tests.sh
Jsoup-31,run_shell_command,22,defects4j compile
Jsoup-31,run_shell_command,1,defects4j test
Jsoup-31,run_shell_command,11,defects4j test -t org.jsoup.parser.XmlTreeBuilderTest::handlesXmlDeclarationAsDeclaration
Jsoup-31,write_file,1,
Jsoup-42,glob,1,
Jsoup-42,maple_extract_class_skeleton,2,
Jsoup-42,read_file,4,
Jsoup-42,replace,1,
Jsoup-42,run_shell_command,1,./run_bug_exposing_tests.sh
Jsoup-42,run_shell_command,2,defects4j compile
Jsoup-42,run_shell_command,1,defects4j test
Jsoup-42,run_shell_command,1,defects4j test -t org.jsoup.nodes.FormElementTest
Jsoup-42,run_shell_command,2,defects4j test -t org.jsoup.nodes.FormElementTest::usesOnForCheckboxValueIfNoValueSet
Jsoup-42,run_shell_command,1,git add src/main/java/org/jsoup/nodes/FormElement.java
Jsoup-42,run_shell_command,1,git diff --staged
Jsoup-65,glob,4,
Jsoup-65,maple_find_method_in_class,1,
Jsoup-65,maple_find_method_in_file,1,
Jsoup-65,read_file,8,
Jsoup-65,replace,19,
Jsoup-65,run_shell_command,2,./run_bug_exposing_tests.sh
Jsoup-65,run_shell_command,11,defects4j compile
Jsoup-65,run_shell_command,10,defects4j test
Jsoup-65,run_shell_command,1,git diff
Lang-27,glob,1,
Lang-27,maple_find_code_in_file,1,
Lang-27,maple_find_method,1,
Lang-27,read_file,4,
Lang-27,replace,1,
Lang-27,run_shell_command,1,./run_bug_exposing_tests.sh
Lang-27,run_shell_command,2,defects4j compile
Lang-27,run_shell_command,1,defects4j test
Lang-27,run_shell_command,2,defects4j test -t org.apache.commons.lang3.math.NumberUtilsTest
Lang-27,run_shell_command,2,defects4j test -t org.apache.commons.lang3.math.NumberUtilsTest::testCreateNumber
Lang-27,run_shell_command,1,git diff
Lang-62,list_directory,8,
Lang-62,maple_find_class,1,
Lang-62,maple_find_code_in_file,1,
Lang-62,maple_find_method_in_class,1,
Lang-62,read_file,4,
Lang-62,replace,2,
Lang-62,run_shell_command,1,./run_bug_exposing_tests.sh
Lang-62,run_shell_command,3,defects4j compile
Lang-62,run_shell_command,1,defects4j test
Lang-62,run_shell_command,3,defects4j test -t org.apache.commons.lang.EntitiesTest::testNumberOverflow
Lang-62,run_shell_command,1,git diff
Lang-65,glob,1,
Lang-65,maple_find_class,1,
Lang-65,maple_find_method_in_class,1,
Lang-65,maple_find_method_in_file,3,
Lang-65,read_file,5,
Lang-65,replace,31,
Lang-65,run_shell_command,1,./run_bug_exposing_tests.sh
Lang-65,run_shell_command,18,defects4j compile
Lang-65,run_shell_command,16,defects4j test
Lang-65,write_file,3,
Math-14,list_directory,1,
Math-14,maple_find_method,1,
Math-14,maple_find_method_in_file,2,
Math-14,read_file,8,
Math-14,replace,2,
Math-14,run_shell_command,1,./run_bug_exposing_tests.sh
Math-14,run_shell_command,1,defects4j export -p tests.trigger
Math-14,run_shell_command,1,defects4j test
Math-14,run_shell_command,3,defects4j test -t org.apache.commons.math3.fitting.PolynomialFitterTest::testLargeSample
Math-14,run_shell_command,1,git diff
Math-6,glob,1,
Math-6,maple_find_class,7,
Math-6,maple_find_method_in_class,8,
Math-6,read_file,37,
Math-6,replace,63,
Math-6,run_shell_command,16,defects4j compile
Math-6,run_shell_command,14,defects4j test -t org.apache.commons.math3.optim.nonlinear.vector.jacobian.LevenbergMarquardtOptimizerTest::testGetIterations
Math-77,maple_find_class,3,
Math-77,maple_find_method_in_file,3,
Math-77,read_file,2,
Math-77,replace,2,
Math-77,run_shell_command,1,./run_bug_exposing_tests.sh
Math-77,run_shell_command,2,defects4j compile
Math-77,run_shell_command,2,defects4j test
Math-77,run_shell_command,1,git diff
Math-93,glob,1,
Math-93,maple_find_class,2,
Math-93,read_file,4,
Math-93,replace,6,
Math-93,run_shell_command,2,./run_bug_exposing_tests.sh
Math-93,run_shell_command,4,defects4j test
Math-93,run_shell_command,1,git diff
Mockito-16,glob,4,
Mockito-16,maple_extract_class_skeleton,2,
Mockito-16,maple_find_class,2,
Mockito-16,maple_find_code,2,
Mockito-16,maple_find_method,1,
Mockito-16,maple_find_method_in_class,6,
Mockito-16,read_file,10,
Mockito-16,replace,51,
Mockito-16,run_shell_command,2,./run_bug_exposing_tests.sh
Mockito-16,run_shell_command,32,defects4j compile
Mockito-16,run_shell_command,1,defects4j test
Mockito-16,run_shell_command,1,defects4j test -t org.mockitousage.bugs.StubbingMocksThatAreConfiguredToReturnMocksTest
Mockito-16,run_shell_command,12,defects4j test -t org.mockitousage.bugs.StubbingMocksThatAreConfiguredToReturnMocksTest::shouldAllowStubbingMocksConfiguredWithRETURNS_MOCKS
Mockito-16,run_shell_command,1,defects4j test -t org.mockitousage.bugs.StubbingMocksThatAreConfiguredToReturnMocksTest::shouldAllowStubbingMocksConfiguredWithRETURNS_MOCKS > /Users/danielding/Desktop/example_dir/Mockito_16/debug_test_output.log 2>&1
Mockito-16,run_shell_command,1,defects4j test -t org.mockitousage.bugs.StubbingMocksThatAreConfiguredToReturnMocksTest::shouldAllowStubbingMocksConfiguredWithRETURNS_MOCKSWithDoApi
Mockito-16,run_shell_command,1,git show HEAD:src/org/mockito/internal/MockHandler.java
Mockito-16,run_shell_command,1,git show HEAD:src/org/mockito/internal/MockitoCore.java
Mockito-16,run_shell_command,2,git show HEAD:src/org/mockito/internal/progress/MockingProgress.java
Mockito-16,run_shell_command,3,git show HEAD:src/org/mockito/internal/progress/MockingProgressImpl.java
Mockito-16,run_shell_command,4,git show HEAD:src/org/mockito/internal/progress/ThreadSafeMockingProgress.java
Mockito-16,run_shell_command,5,git show HEAD:src/org/mockito/internal/stubbing/defaultanswers/ReturnsMocks.java
Mockito-16,run_shell_command,1,java -cp /Users/danielding/Desktop/defects4j/framework/projects/lib/junit-4.11.jar:/Users/danielding/Desktop/example_dir/Mockito_16/target/classes:/Users/danielding/Desktop/example_dir/Mockito_16/target/test-classes:/Users/danielding/Desktop/defects4j/framework/projects/Mockito/lib/asm-all-5.0.4.jar:/Users/danielding/Desktop/defects4j/framework/projects/Mockito/lib/assertj-core-2.1.0.jar:/Users/danielding/Desktop/defects4j/framework/projects/Mockito/lib/cglib-and-asm-1.0.jar:/Users/danielding/Desktop/defects4j/framework/projects/Mockito/lib/cobertura-2.0.3.jar:/Users/danielding/Desktop/defects4j/framework/projects/Mockito/lib/fest-assert-1.3.jar:/Users/danielding/Desktop/defects4j/framework/projects/Mockito/lib/fest-util-1.1.4.jar:/Users/danielding/Desktop/defects4j/framework/projects/Mockito/lib/hamcrest-all-1.3.jar:/Users/danielding/Desktop/defects4j/framework/projects/Mockito/lib/hamcrest-core-1.1.jar:/Users/danielding/Desktop/defects4j/framework/projects/Mockito/lib/objenesis-2.1.jar:/Users/danielding/Desktop/defects4j/framework/projects/Mockito/lib/objenesis-2.2.jar:/Users/danielding/Desktop/defects4j/framework/projects/Mockito/lib/powermock-reflect-1.2.5.jar org.junit.runner.JUnitCore org.mockitousage.bugs.StubbingMocksThatAreConfiguredToReturnMocksTest > /Users/danielding/Desktop/example_dir/Mockito_16/debug_test_output_raw.log 2>&1
Mockito-16,run_shell_command,1,java -cp /Users/danielding/Desktop/defects4j/framework/projects/lib/junit-4.11.jar:/Users/danielding/Desktop/example_dir/Mockito_16/target/classes:/Users/danielding/Desktop/example_dir/Mockito_16/target/test-classes:/Users/danielding/Desktop/defects4j/framework/projects/Mockito/lib/asm-all-5.0.4.jar:/Users/danielding/Desktop/defects4j/framework/projects/Mockito/lib/assertj-core-2.1.0.jar:/Users/danielding/Desktop/defects4j/framework/projects/Mockito/lib/cglib-and-asm-1.0.jar:/Users/danielding/Desktop/defects4j/framework/projects/Mockito/lib/cobertura-2.0.3.jar:/Users/danielding/Desktop/defects4j/framework/projects/Mockito/lib/fest-assert-1.3.jar:/Users/danielding/Desktop/defects4j/framework/projects/Mockito/lib/fest-util-1.1.4.jar:/Users/danielding/Desktop/defects4j/framework/projects/Mockito/lib/hamcrest-all-1.3.jar:/Users/danielding/Desktop/defects4j/framework/projects/Mockito/lib/hamcrest-core-1.1.jar:/Users/danielding/Desktop/defects4j/framework/projects/Mockito/lib/objenesis-2.1.jar:/Users/danielding/Desktop/defects4j/framework/projects/Mockito/lib/objenesis-2.2.jar:/Users/danielding/Desktop/defects4j/framework/projects/Mockito/lib/powermock-reflect-1.2.5.jar org.junit.runner.JUnitCore org.mockitousage.bugs.StubbingMocksThatAreConfiguredToReturnMocksTest > /Users/danielding/Desktop/example_dir/Mockito_16/debug_test_output_raw_2.log 2>&1
Mockito-16,write_file,15,
Mockito-17,glob,1,
Mockito-17,maple_find_class,1,
Mockito-17,maple_find_code,1,
Mockito-17,maple_find_method_in_class,1,
Mockito-17,read_file,6,
Mockito-17,replace,2,
Mockito-17,run_shell_command,1,./run_bug_exposing_tests.sh
Mockito-17,run_shell_command,2,defects4j compile
Mockito-17,run_shell_command,2,defects4j test
Mockito-17,run_shell_command,1,defects4j test -t org.mockitousage.basicapi.MocksSerializationTest
Mockito-17,run_shell_command,1,defects4j test -t org.mockitousage.basicapi.MocksSerializationTest::shouldBeSerializeAndHaveExtraInterfaces
Mockito-17,run_shell_command,1,git diff
Mockito-21,maple_find_class,1,
Mockito-21,read_file,8,
Mockito-21,replace,4,
Mockito-21,run_shell_command,1,./run_bug_exposing_tests.sh
Mockito-21,run_shell_command,5,defects4j test
Mockito-21,run_shell_command,1,defects4j test -t org.mockito.internal.creation.instance.ConstructorInstantiatorTest::creates_instances_of_inner_classes
Mockito-21,run_shell_command,1,git diff
Mockito-30,maple_find_class,3,
Mockito-30,read_file,5,
Mockito-30,replace,2,
Mockito-30,run_shell_command,2,./run_bug_exposing_tests.sh
Mockito-30,run_shell_command,2,defects4j compile
Mockito-30,run_shell_command,1,defects4j export -p tests.trigger
Mockito-30,run_shell_command,1,defects4j test
Mockito-30,run_shell_command,2,defects4j test -t org.mockito.internal.stubbing.defaultanswers.ReturnsSmartNullsTest::shouldPrintTheParametersOnSmartNullPointerExceptionMessage
Mockito-30,run_shell_command,1,git diff
Time-23,glob,1,
Time-23,maple_find_class,3,
Time-23,maple_find_code_in_file,2,
Time-23,maple_find_method,1,
Time-23,maple_find_method_in_class,9,
Time-23,read_file,31,
Time-23,replace,83,
Time-23,run_shell_command,2,./run_bug_exposing_tests.sh
Time-23,run_shell_command,34,defects4j compile
Time-23,run_shell_command,1,defects4j test
Time-23,run_shell_command,33,defects4j test -t org.joda.time.TestDateTimeZone::testForID_String_old
Time-23,run_shell_command,1,ls -lt
Time-23,run_shell_command,23,ls -lt bug_triggering_tests.*.log
Time-23,run_shell_command,1,ls -lt logs
Time-23,search_file_content,1,
Time-2,list_directory,2,
Time-2,maple_find_class,5,
Time-2,maple_find_code,2,
Time-2,maple_find_code_in_file,1,
Time-2,maple_find_method_in_class,4,
Time-2,read_file,15,
Time-2,replace,15,
Time-2,run_shell_command,1,./run_bug_exposing_tests.sh
Time-2,run_shell_command,1,defects4j compile
Time-2,run_shell_command,8,defects4j test
Time-2,run_shell_command,2,defects4j test -t org.joda.time.TestPartial_Basics::testWith_baseAndArgHaveNoRange
Time-2,search_file_content,1,
